1,浪子心情,黎骏,http://www.xiami.com/play?ids=/song/playlist/id/14238,骏新人,http://img.xiami.net/images/album/img0/500/21341401158981_2.jpg,\N,\N,\N,2
2,逃,黎骏,http://www.xiami.com/play?ids=/song/playlist/id/14240,骏新人,http://img.xiami.net/images/album/img0/500/21341401158981_2.jpg,林夕,郭炽贤,\N,1
3,现代的爱情都背叛了永远,黎骏,http://www.xiami.com/play?ids=/song/playlist/id/14216,求婚,http://img.xiami.net/images/pic/04/01/10027235551m_2.jpg,\N,\N,\N,1
4,十万八千种鲜花(Slowly Version),黎骏,http://www.xiami.com/play?ids=/song/playlist/id/14243,骏新人,http://img.xiami.net/images/album/img0/500/21341401158981_2.jpg,\N,\N,\N,1
5,害怕·逃避·以后,黎骏,http://www.xiami.com/play?ids=/song/playlist/id/14237,骏新人,http://img.xiami.net/images/album/img0/500/21341401158981_2.jpg,\N,\N,\N,4
6,心痛,黎骏,http://www.xiami.com/play?ids=/song/playlist/id/14239,骏新人,http://img.xiami.net/images/album/img0/500/21341401158981_2.jpg,刘卓辉,潘美辰,\N,2
7,爱一生都不够,黎骏,http://www.xiami.com/play?ids=/song/playlist/id/14234,骏新人,http://img.xiami.net/images/album/img0/500/21341401158981_2.jpg,\N,\N,\N,2
8,爱情不是游戏,黎骏,http://www.xiami.com/play?ids=/song/playlist/id/14218,求婚,http://img.xiami.net/images/pic/04/01/10027235551m_2.jpg,\N,\N,\N,0
9,爱一生都不够(情陷篇),黎骏,http://www.xiami.com/play?ids=/song/playlist/id/14245,骏新人,http://img.xiami.net/images/album/img0/500/21341401158981_2.jpg,\N,\N,\N,1
10,十万八千种鲜花,黎骏,http://www.xiami.com/play?ids=/song/playlist/id/14236,骏新人,http://img.xiami.net/images/album/img0/500/21341401158981_2.jpg,CHOI, HEE JINE / JEONG, JIN SOO,\N,\N,1
11,情不自禁,黎骏,http://www.xiami.com/play?ids=/song/playlist/id/14242,骏新人,http://img.xiami.net/images/album/img0/500/21341401158981_2.jpg,\N,\N,\N,1
12,爱你一生不变,黎骏,http://www.xiami.com/play?ids=/song/playlist/id/14223,求婚,http://img.xiami.net/images/pic/04/01/10027235551m_2.jpg,\N,\N,\N,0
13,一厢情愿,黎骏,http://www.xiami.com/play?ids=/song/playlist/id/14241,骏新人,http://img.xiami.net/images/album/img0/500/21341401158981_2.jpg,\N,\N,\N,1
14,我在等你说爱我,黎骏,http://www.xiami.com/play?ids=/song/playlist/id/14219,求婚,http://img.xiami.net/images/pic/04/01/10027235551m_2.jpg,\N,\N,\N,1
15,不认不认还须认,黎骏,http://www.xiami.com/play?ids=/song/playlist/id/14244,骏新人,http://img.xiami.net/images/album/img0/500/21341401158981_2.jpg,黄伟文,Adrian Chan,Adrian Chan,3
16,对不起!我自私,黎骏,http://www.xiami.com/play?ids=/song/playlist/id/14215,求婚,http://img.xiami.net/images/pic/04/01/10027235551m_2.jpg,\N,\N,\N,0
17,又是一天,黎骏,http://www.xiami.com/play?ids=/song/playlist/id/14221,求婚,http://img.xiami.net/images/pic/04/01/10027235551m_2.jpg,\N,\N,\N,0
18,不认·不认(第二代),黎骏,http://www.xiami.com/play?ids=/song/playlist/id/14235,骏新人,http://img.xiami.net/images/album/img0/500/21341401158981_2.jpg,\N,\N,\N,1
19,我是一个梦,黎骏,http://www.xiami.com/play?ids=/song/playlist/id/14222,求婚,http://img.xiami.net/images/pic/04/01/10027235551m_2.jpg,戴辛尉,陈心遥,\N,0
20,对不起!我自私,黎骏,http://www.xiami.com/play?ids=/song/playlist/id/14230,一个梦,http://img.xiami.net/images/pic/04/03/10100557954m_2.jpg,\N,\N,\N,0
21,有了你,黎骏,http://www.xiami.com/play?ids=/song/playlist/id/14226,一个梦,http://img.xiami.net/images/pic/04/03/10100557954m_2.jpg,\N,\N,\N,0
22,有了你,黎骏,http://www.xiami.com/play?ids=/song/playlist/id/14220,求婚,http://img.xiami.net/images/pic/04/01/10027235551m_2.jpg,\N,\N,\N,0
23,最怕听见自己在哭泣,黎骏,http://www.xiami.com/play?ids=/song/playlist/id/14217,求婚,http://img.xiami.net/images/pic/04/01/10027235551m_2.jpg,\N,\N,\N,0
24,爱情不是游戏,黎骏,http://www.xiami.com/play?ids=/song/playlist/id/14225,一个梦,http://img.xiami.net/images/pic/04/03/10100557954m_2.jpg,\N,\N,\N,0
25,现在的爱情都背叛了永远,黎骏,http://www.xiami.com/play?ids=/song/playlist/id/14224,一个梦,http://img.xiami.net/images/pic/04/03/10100557954m_2.jpg,\N,\N,\N,0
26,我有一个梦,黎骏,http://www.xiami.com/play?ids=/song/playlist/id/14228,一个梦,http://img.xiami.net/images/pic/04/03/10100557954m_2.jpg,\N,\N,\N,0
27,最怕听见自己在哭泣,黎骏,http://www.xiami.com/play?ids=/song/playlist/id/14227,一个梦,http://img.xiami.net/images/pic/04/03/10100557954m_2.jpg,\N,\N,\N,0
28,我在等你说爱我,黎骏,http://www.xiami.com/play?ids=/song/playlist/id/14231,一个梦,http://img.xiami.net/images/pic/04/03/10100557954m_2.jpg,\N,\N,\N,0
29,今夜你会不会来,黎明,http://www.xiami.com/play?ids=/song/playlist/id/15324,我的感觉,http://img.xiami.net/images/album/img1/501/2217_2.jpg,简宁,林东松/谢明训,王豫民,85
30,两个人的烟火,黎明,http://www.xiami.com/play?ids=/song/playlist/id/14409,Leon Dawn,http://img.xiami.net/images/album/img1/501/21491387623652_2.jpg,林夕,雷颂德,\N,95
31,相逢在雨中,黎明,http://www.xiami.com/play?ids=/song/playlist/id/14296,More Than Classic,http://img.xiami.net/images/album/img1/501/21401469787369_2.jpg,简宁,曹俊鸿,\N,125
32,心在跳,黎明,http://www.xiami.com/play?ids=/song/playlist/id/14667,非我莫属,http://img.xiami.net/images/album/img1/501/21631385691793_2.jpg,\N,\N,\N,80
33,相逢在雨中,黎明,http://www.xiami.com/play?ids=/song/playlist/id/15278,倾城之最,http://img.xiami.net/images/album/img54/62/58185aa56200f_3113854_1477991077_2.jpg,曹, 俊鴻 / 林, 秋離,\N,\N,12
34,情深说话未曾讲,黎明,http://www.xiami.com/play?ids=/song/playlist/id/14911,Perhaps…,http://img.xiami.net/images/album/img1/501/21811463123814_2.png,潘源良,雷颂德,雷颂德,64
35,今夜你会不会来(国语版),黎明,http://www.xiami.com/play?ids=/song/playlist/id/15292,今夜你会不会来,http://img.xiami.net/images/album/img1/501/22141316743606_2.jpg,谢明训,林东松,\N,271
36,夏日倾情,黎明,http://www.xiami.com/play?ids=/song/playlist/id/15205,夏日倾情,http://img.xiami.net/images/album/img1/501/22061470642885_2.jpg,向雪怀,Takashi Miki/Yasushi Akimoto,卢东尼,51
37,我的亲爱,黎明,http://www.xiami.com/play?ids=/song/playlist/id/15267,倾城之最,http://img.xiami.net/images/album/img54/62/58185aa56200f_3113854_1477991077_2.jpg,刘卓辉,槙原敬之,唐奕聪,177
38,今夜你会不会来,黎明,http://www.xiami.com/play?ids=/song/playlist/id/14804,你爱不爱精选,http://img.xiami.net/images/album/img1/501/21701411467327_2.jpg,简宁,林东松,王豫民,51
39,深秋的黎明,黎明,http://www.xiami.com/play?ids=/song/playlist/id/15167,深秋的黎明,http://img.xiami.net/images/album/img1/501/2203_2.jpg,\N,\N,\N,176
40,眼睛想旅行,黎明,http://www.xiami.com/play?ids=/song/playlist/id/14339,More Than Classic,http://img.xiami.net/images/album/img1/501/21401469787369_2.jpg,\N,\N,\N,9
41,堆积情感,黎明,http://www.xiami.com/play?ids=/song/playlist/id/15257,堆积情感,http://img.xiami.net/images/album/img1/501/22111316768761_2.jpg,小美,陈美威/黄大军,\N,63
42,越夜越有机,黎明,http://www.xiami.com/play?ids=/song/playlist/id/14564,Club Sandwich,http://img.xiami.net/images/album/img1/501/21571473651030_2.jpg,雷颂德,\N,\N,7
43,夏日倾情,黎明,http://www.xiami.com/play?ids=/song/playlist/id/14299,More Than Classic,http://img.xiami.net/images/album/img1/501/21401469787369_2.jpg,向雪怀,\N,\N,21
44,我可以忘记你,黎明,http://www.xiami.com/play?ids=/song/playlist/id/1771768007,我可以忘记你,http://img.xiami.net/images/album/img1/501/2642771601387621365_2.jpg,張楚翹,伍樂城,朱俊傑,136
45,愿你今夜别离去,黎明,http://www.xiami.com/play?ids=/song/playlist/id/15188,我的另一半,http://img.xiami.net/images/album/img1/501/22051340676166_2.jpg,刘卓辉,MATSUMOTO TOSHIANI / ANIMOTO MASUSHI,\N,60
46,全日爱,黎明,http://www.xiami.com/play?ids=/song/playlist/id/14596,北京站,http://img.xiami.net/images/album/img1/501/21591387625104_2.jpg,林夕,雷颂德,雷颂德,85
47,深秋的黎明,黎明,http://www.xiami.com/play?ids=/song/playlist/id/14303,More Than Classic,http://img.xiami.net/images/album/img1/501/21401469787369_2.jpg,\N,\N,\N,20
48,如果这是情,黎明,http://www.xiami.com/play?ids=/song/playlist/id/15275,倾城之最,http://img.xiami.net/images/album/img54/62/58185aa56200f_3113854_1477991077_2.jpg,向雪怀,Tamaki,Kouji/Matsui,Goro,\N,80
49,大城小事,黎明,http://www.xiami.com/play?ids=/song/playlist/id/14380,长情,http://img.xiami.net/images/album/img1/501/2143_2.jpg,： 林夕,/,/,89
50,那有一天不想你,黎明,http://www.xiami.com/play?ids=/song/playlist/id/14310,More Than Classic,http://img.xiami.net/images/album/img1/501/21401469787369_2.jpg,向雪怀,\N,\N,20
51,我来自北京,黎明,http://www.xiami.com/play?ids=/song/playlist/id/15248,但愿不只是朋友,http://img.xiami.net/images/album/img1/501/22101420468145_2.jpg,刘卓辉,Keith,陈泽忠,48
52,今生不再,黎明,http://www.xiami.com/play?ids=/song/playlist/id/14320,More Than Classic,http://img.xiami.net/images/album/img1/501/21401469787369_2.jpg,林夕,\N,\N,73
53,眼睛想旅行,黎明,http://www.xiami.com/play?ids=/song/playlist/id/14646,眼睛想旅行,http://img.xiami.net/images/album/img1/501/2162_2.jpg,\N,\N,\N,91
54,我这样爱你,黎明,http://www.xiami.com/play?ids=/song/playlist/id/14828,我这样爱你,http://img.xiami.net/images/album/img1/501/21721385958197_2.jpg,林夕,Choi SungOu,\N,17
55,Happy 2000(国语版),黎明,http://www.xiami.com/play?ids=/song/playlist/id/14666,非我莫属,http://img.xiami.net/images/album/img1/501/21631385691793_2.jpg,周耀辉,雷颂德,雷颂德,10
56,情归于尽,黎明,http://www.xiami.com/play?ids=/song/playlist/id/14384,Love & Promises,http://img.xiami.net/images/album/img1/501/21461387623534_2.jpg,黄伟文,雷颂德,雷颂德,9
57,非我莫属,黎明,http://www.xiami.com/play?ids=/song/playlist/id/14655,非我莫属,http://img.xiami.net/images/album/img1/501/21631385691793_2.jpg,十方,Simon Woodgate,Simon Woodgate,95
58,那有一天不想你,黎明,http://www.xiami.com/play?ids=/song/playlist/id/15107,天地情缘,http://img.xiami.net/images/album/img1/501/21991408962477_2.jpg,向雪怀,林慕德,雷颂德,84
59,半生缘,黎明,http://www.xiami.com/play?ids=/song/playlist/id/14889,半生缘 电影主题曲歌集,http://img.xiami.net/images/album/img1/501/21791341301589_2.jpg,林夕,黄国伦,黄国伦,36
60,对不起,我爱你,黎明,http://www.xiami.com/play?ids=/song/playlist/id/15197,我的另一半,http://img.xiami.net/images/album/img1/501/22051340676166_2.jpg,向雪怀,卢东尼,\N,58
61,看上她,黎明,http://www.xiami.com/play?ids=/song/playlist/id/14530,The Red Shoes,http://img.xiami.net/images/album/img1/501/21551387624227_2.jpg,甄健强,雷颂德,雷颂德,84
62,今夜你会不会来,黎明,http://www.xiami.com/play?ids=/song/playlist/id/14308,More Than Classic,http://img.xiami.net/images/album/img1/501/21401469787369_2.jpg,简宁,林东松,王豫民,17
63,无名份的浪漫,黎明,http://www.xiami.com/play?ids=/song/playlist/id/15334,Leon,http://img.xiami.net/images/album/img1/501/22181352357290_2.jpg,林夕,\N,\N,87
64,我的亲爱,黎明,http://www.xiami.com/play?ids=/song/playlist/id/14328,More Than Classic,http://img.xiami.net/images/album/img1/501/21401469787369_2.jpg,刘卓辉,\N,\N,19
65,甜蜜蜜,黎明,http://www.xiami.com/play?ids=/song/playlist/id/14904,口不对心,http://img.xiami.net/images/album/img1/501/21801316068040_2.jpg,莊, 奴 / TRADITIONAL,\N,\N,71
66,只要为我爱一天,黎明,http://www.xiami.com/play?ids=/song/playlist/id/14315,More Than Classic,http://img.xiami.net/images/album/img1/501/21401469787369_2.jpg,林夕,\N,\N,5
67,两个人的烟火,黎明,http://www.xiami.com/play?ids=/song/playlist/id/1769454458,烟火 新歌+精选,http://img.xiami.net/images/album/img1/501/3756941387622011_2.jpg,\N,\N,\N,60
68,Happy 2000,黎明,http://www.xiami.com/play?ids=/song/playlist/id/14698,如果可以再见你,http://img.xiami.net/images/album/img1/501/2165_2.jpg,周耀辉,雷颂德,雷颂德,84
69,两位一体,黎明,http://www.xiami.com/play?ids=/song/playlist/id/14565,Club Sandwich,http://img.xiami.net/images/album/img1/501/21571473651030_2.jpg,雷颂德,\N,\N,13
70,哪有一天不想你,黎明,http://www.xiami.com/play?ids=/song/playlist/id/1769697862,20世纪中华歌坛名人百集珍藏版,http://img.xiami.net/images/album/img1/501/1806091462425088_2.jpg,向雪怀,林慕德,\N,61
71,Sugar In The Marmalade,黎明,http://www.xiami.com/play?ids=/song/playlist/id/14336,More Than Classic,http://img.xiami.net/images/album/img1/501/21401469787369_2.jpg,周耀辉,雷颂德,雷颂德,30
72,对不起,我爱你,黎明,http://www.xiami.com/play?ids=/song/playlist/id/15312,是爱是缘,http://img.xiami.net/images/album/img1/501/2216_2.jpg,向雪怀,卢东尼,卢东尼,20
73,情深说话未曾讲,黎明,http://www.xiami.com/play?ids=/song/playlist/id/14799,你爱不爱精选,http://img.xiami.net/images/album/img1/501/21701411467327_2.jpg,潘源良,雷颂德,\N,3
74,我来自北京,黎明,http://www.xiami.com/play?ids=/song/playlist/id/14332,More Than Classic,http://img.xiami.net/images/album/img1/501/21401469787369_2.jpg,刘卓辉,KEITH,\N,5
75,如果可以再见你,黎明,http://www.xiami.com/play?ids=/song/playlist/id/14691,如果可以再见你,http://img.xiami.net/images/album/img1/501/2165_2.jpg,林夕,雷颂德,雷颂德,65
76,没名字的歌,无名字的你,黎明,http://www.xiami.com/play?ids=/song/playlist/id/14309,More Than Classic,http://img.xiami.net/images/album/img1/501/21401469787369_2.jpg,林夕,\N,\N,15
77,无名份的浪漫,黎明,http://www.xiami.com/play?ids=/song/playlist/id/14305,More Than Classic,http://img.xiami.net/images/album/img1/501/21401469787369_2.jpg,林夕 (改编词),\N,\N,14
78,傻痴痴,黎明,http://www.xiami.com/play?ids=/song/playlist/id/15244,I Love U Ok ?,http://img.xiami.net/images/album/img1/501/22091367999574_2.jpg,向雪怀,\N,\N,66
79,今夜你会不会来 (live),黎明,http://www.xiami.com/play?ids=/song/playlist/id/15235,一夜倾情演唱会,http://img.xiami.net/images/album/img1/501/22081337318367_2.jpg,简宁,\N,\N,22
80,一夜倾情,黎明,http://www.xiami.com/play?ids=/song/playlist/id/15268,倾城之最,http://img.xiami.net/images/album/img54/62/58185aa56200f_3113854_1477991077_2.jpg,向雪怀,玉置浩二,卢东尼,40
81,Happy 2000,黎明,http://www.xiami.com/play?ids=/song/playlist/id/14610,Hot & Cool,http://img.xiami.net/images/album/img1/501/2160_2.jpg,周耀辉,\N,\N,5
82,两位一体,黎明,http://www.xiami.com/play?ids=/song/playlist/id/14595,北京站,http://img.xiami.net/images/album/img1/501/21591387625104_2.jpg,甄健强,雷颂德,雷颂德,14
83,一生痴心,黎明,http://www.xiami.com/play?ids=/song/playlist/id/15011,爱难求,http://img.xiami.net/images/album/img1/501/21891382615503_2.jpg,刘虞瑞,周治平,钟兴民,11
84,人在黎明,黎明,http://www.xiami.com/play?ids=/song/playlist/id/15318,是爱是缘,http://img.xiami.net/images/album/img1/501/2216_2.jpg,陈少琪,高人杰,\N,21
85,两个人的烟火 (Live) ,黎明,http://www.xiami.com/play?ids=/song/playlist/id/14278,Crazy Classic Concert,http://img.xiami.net/images/album/img1/501/21381339578977_2.jpg,\N,\N,\N,24
86,心在跳,黎明,http://www.xiami.com/play?ids=/song/playlist/id/14830,我这样爱你,http://img.xiami.net/images/album/img1/501/21721385958197_2.jpg,林夕,\N,\N,74
87,没名字的歌,无名字的你,黎明,http://www.xiami.com/play?ids=/song/playlist/id/14811,你爱不爱精选2,http://img.xiami.net/images/album/img1/501/2171_2.jpg,林夕,Calvin Ho,\N,5
88,越夜越有机,黎明,http://www.xiami.com/play?ids=/song/playlist/id/14597,北京站,http://img.xiami.net/images/album/img1/501/21591387625104_2.jpg,甄健强,雷颂德,雷颂德,2
89,冲锋陷阵 (粤语版),黎明,http://www.xiami.com/play?ids=/song/playlist/id/14497,2002世界杯冲锋陷阵,http://img.xiami.net/images/album/img1/501/21521322535807_2.jpg,\N,\N,\N,7
90,人在边缘,黎明,http://www.xiami.com/play?ids=/song/playlist/id/15193,我的另一半,http://img.xiami.net/images/album/img1/501/22051340676166_2.jpg,\N,\N,\N,1
91,我这样爱你,黎明,http://www.xiami.com/play?ids=/song/playlist/id/14318,More Than Classic,http://img.xiami.net/images/album/img1/501/21401469787369_2.jpg,\N,\N,\N,7
92,蓝色街灯,黎明,http://www.xiami.com/play?ids=/song/playlist/id/15109,天地情缘,http://img.xiami.net/images/album/img1/501/21991408962477_2.jpg,古倩敏,邰正宵／黄大军,唐奕聪,30
93,今夜你会不会来 (Live) ,黎明,http://www.xiami.com/play?ids=/song/playlist/id/14280,Crazy Classic Concert,http://img.xiami.net/images/album/img1/501/21381339578977_2.jpg,谢明训,林东松,\N,11
94,重爱轻友,黎明,http://www.xiami.com/play?ids=/song/playlist/id/14529,The Red Shoes,http://img.xiami.net/images/album/img1/501/21551387624227_2.jpg,十方,雷颂德,雷颂德,41
95,我是不是该安静的走开,黎明,http://www.xiami.com/play?ids=/song/playlist/id/14251,4 In Love,http://img.xiami.net/images/album/img1/501/21351387622136_2.jpg,张方露,陈秀男,雷颂德,33
96,眼神骗不过,黎明,http://www.xiami.com/play?ids=/song/playlist/id/14507,喜,http://img.xiami.net/images/album/img1/501/21531387623832_2.jpg,周耀辉,雷颂德,雷颂德,32
97,但愿不只是朋友,黎明,http://www.xiami.com/play?ids=/song/playlist/id/15249,但愿不只是朋友,http://img.xiami.net/images/album/img1/501/22101420468145_2.jpg,SUZUKI, KISABUROO / URINO, MASAO,\N,\N,22
98,I'll Never Fall In Love Again,黎明,http://www.xiami.com/play?ids=/song/playlist/id/14268,Looking,http://img.xiami.net/images/album/img1/501/21361387622256_2.jpg,david hal填,\N,\N,52
99,如果可以再见你,黎明,http://www.xiami.com/play?ids=/song/playlist/id/14321,More Than Classic,http://img.xiami.net/images/album/img1/501/21401469787369_2.jpg,\N,\N,\N,19
100,一念,黎明,http://www.xiami.com/play?ids=/song/playlist/id/1770720486,DEC 11 LEO XU,http://img.xiami.net/images/album/img1/501/4861761387621569_2.jpg,姚谦,雷颂德,\N,14
101,See You Later,黎明,http://www.xiami.com/play?ids=/song/playlist/id/1770720487,DEC 11 LEO XU,http://img.xiami.net/images/album/img1/501/4861761387621569_2.jpg,LL,雷颂德,雷颂德,9
102,你懂我的爱,黎明,http://www.xiami.com/play?ids=/song/playlist/id/3469124,是我,http://img.xiami.net/images/album/img1/501/3129441387621797_2.jpg,姚谦,雷颂德,雷颂德,32
103,但愿不只是朋友,黎明,http://www.xiami.com/play?ids=/song/playlist/id/14307,More Than Classic,http://img.xiami.net/images/album/img1/501/21401469787369_2.jpg,林振强,Masao Unno/ Kisaburo Suzuki,Masao Unno/ Kisaburo Suzuki,2
104,呼吸不说谎 (国语),黎明,http://www.xiami.com/play?ids=/song/playlist/id/14558,Club Sandwich,http://img.xiami.net/images/album/img1/501/21571473651030_2.jpg,林夕,雷颂德,雷颂德,29
105,我为何让你走,黎明,http://www.xiami.com/play?ids=/song/playlist/id/14255,4 In Love,http://img.xiami.net/images/album/img1/501/21351387622136_2.jpg,伦永亮  填,雷颂德,\N,5
106,情深说话未曾讲 (Live) ,黎明,http://www.xiami.com/play?ids=/song/playlist/id/14295,Crazy Classic Concert,http://img.xiami.net/images/album/img1/501/21381339578977_2.jpg,\N,\N,\N,38
107,听身体唱歌,黎明,http://www.xiami.com/play?ids=/song/playlist/id/14573,Club Sandwich,http://img.xiami.net/images/album/img1/501/21571473651030_2.jpg,林夕,雷颂德,雷颂德,28
108,爱天爱地,黎明,http://www.xiami.com/play?ids=/song/playlist/id/14605,北京站,http://img.xiami.net/images/album/img1/501/21591387625104_2.jpg,林夕,雷颂德,雷颂德,13
109,情难自控,黎明,http://www.xiami.com/play?ids=/song/playlist/id/15238,I Love U Ok ?,http://img.xiami.net/images/album/img1/501/22091367999574_2.jpg,\N,\N,\N,13
110,如果这是情,黎明,http://www.xiami.com/play?ids=/song/playlist/id/14297,More Than Classic,http://img.xiami.net/images/album/img1/501/21401469787369_2.jpg,向雪怀,\N,\N,1
111,愿你今夜别离去,黎明,http://www.xiami.com/play?ids=/song/playlist/id/14767,恋曲新世纪,http://img.xiami.net/images/album/img1/501/21681466150214_2.jpeg,\N,\N,\N,4
112,杂念,黎明,http://www.xiami.com/play?ids=/song/playlist/id/14944,感应,http://img.xiami.net/images/album/img1/501/21841342486262_2.jpg,\N,\N,\N,14
113,爱你 不爱你,黎明,http://www.xiami.com/play?ids=/song/playlist/id/14825,我这样爱你,http://img.xiami.net/images/album/img1/501/21721385958197_2.jpg,林夕,雷颂德,\N,3
114,喜,黎明,http://www.xiami.com/play?ids=/song/playlist/id/14501,喜,http://img.xiami.net/images/album/img1/501/21531387623832_2.jpg,黄伟文,雷颂德,雷颂德,21
115,我唔系死蠢,黎明,http://www.xiami.com/play?ids=/song/playlist/id/1776296469,我唔系死蠢,http://img.xiami.net/images/album/img17/675717/6757171469675717_2.jpg,林日曦,雷颂德,\N,6
116,Oh!夜,黎明,http://www.xiami.com/play?ids=/song/playlist/id/15315,是爱是缘,http://img.xiami.net/images/album/img1/501/2216_2.jpg,陈少琪,\N,\N,15
117,那有一天不想你,黎明,http://www.xiami.com/play?ids=/song/playlist/id/15037,那有一天不想你 珍藏版,http://img.xiami.net/images/album/img1/501/2192_2.jpg,向雪怀,林慕德,\N,1
118,对不起我爱你,黎明,http://www.xiami.com/play?ids=/song/playlist/id/1769454475,烟火 新歌+精选,http://img.xiami.net/images/album/img1/501/3756941387622011_2.jpg,向雪怀,卢东尼,\N,25
119,爱情影画戏,黎明,http://www.xiami.com/play?ids=/song/playlist/id/15160,梦幻古堡,http://img.xiami.net/images/album/img1/501/22021469765106_2.jpg,古倩敏,邰正宵,唐奕聪,22
120,我的感觉,黎明,http://www.xiami.com/play?ids=/song/playlist/id/15326,我的感觉,http://img.xiami.net/images/album/img1/501/2217_2.jpg,向雪怀,黎明,\N,10
121,感应,黎明,http://www.xiami.com/play?ids=/song/playlist/id/14942,感应,http://img.xiami.net/images/album/img1/501/21841342486262_2.jpg,陈少琪,雷颂德,\N,7
122,特别的歌给特别的你,黎明,http://www.xiami.com/play?ids=/song/playlist/id/15309,亲近你,http://img.xiami.net/images/album/img1/501/22151341908261_2.jpg,潘源良,\N,\N,11
123,情归于尽,黎明,http://www.xiami.com/play?ids=/song/playlist/id/1769454451,烟火 新歌+精选,http://img.xiami.net/images/album/img1/501/3756941387622011_2.jpg,\N,\N,\N,12
124,月亮下求你一吻 (Live),黎明,http://www.xiami.com/play?ids=/song/playlist/id/1775874060,月亮下求你一吻,http://img.xiami.net/images/album/img1/501/21003014961459435573_2.jpeg,刘卓辉,桑田佳佑,唐奕聪,3
125,夏天的味道,黎明,http://www.xiami.com/play?ids=/song/playlist/id/14350,一个故事,http://img.xiami.net/images/album/img1/501/21411387622954_2.jpg,李毅杰,伍冠谚,\N,22
126,进化Evolution (Non-Stop Remix),黎明,http://www.xiami.com/play?ids=/song/playlist/id/14519,The Red Shoes Evolution Remix,http://img.xiami.net/images/album/img1/501/21541473650994_2.jpg,\N,\N,\N,10
127,喜,黎明,http://www.xiami.com/play?ids=/song/playlist/id/14343,More Than Classic,http://img.xiami.net/images/album/img1/501/21401469787369_2.jpg,\N,\N,\N,3
128,爱你 不爱你,黎明,http://www.xiami.com/play?ids=/song/playlist/id/14335,More Than Classic,http://img.xiami.net/images/album/img1/501/21401469787369_2.jpg,林夕,雷颂德,\N,7
129,酸,黎明,http://www.xiami.com/play?ids=/song/playlist/id/14681,Leon Now,http://img.xiami.net/images/album/img1/501/21641466150222_2.jpeg,\N,\N,\N,16
130,火舞艳阳,黎明,http://www.xiami.com/play?ids=/song/playlist/id/15081,火舞艳阳,http://img.xiami.net/images/album/img1/501/2196_2.jpg,简宁,Masato Ishida,\N,12
131,简爱,黎明,http://www.xiami.com/play?ids=/song/playlist/id/14539,The Red Shoes,http://img.xiami.net/images/album/img1/501/21551387624227_2.jpg,\N,\N,\N,17
132,夜夜梦中见,黎明,http://www.xiami.com/play?ids=/song/playlist/id/15317,是爱是缘,http://img.xiami.net/images/album/img1/501/2216_2.jpg,向雪怀,\N,\N,7
133,约定,黎明,http://www.xiami.com/play?ids=/song/playlist/id/14293,Crazy Classic Concert,http://img.xiami.net/images/album/img1/501/21381339578977_2.jpg,\N,\N,\N,2
134,酸,黎明,http://www.xiami.com/play?ids=/song/playlist/id/14340,More Than Classic,http://img.xiami.net/images/album/img1/501/21401469787369_2.jpg,\N,\N,\N,3
135,对不起,我爱你,黎明,http://www.xiami.com/play?ids=/song/playlist/id/14298,More Than Classic,http://img.xiami.net/images/album/img1/501/21401469787369_2.jpg,向雪怀,\N,\N,7
136,情深说话未曾讲,黎明,http://www.xiami.com/play?ids=/song/playlist/id/14312,More Than Classic,http://img.xiami.net/images/album/img1/501/21401469787369_2.jpg,潘源良,\N,\N,9
137,两心知,黎明,http://www.xiami.com/play?ids=/song/playlist/id/14301,More Than Classic,http://img.xiami.net/images/album/img1/501/21401469787369_2.jpg,向雪怀,\N,\N,9
138,那有一天不想你 (live),黎明,http://www.xiami.com/play?ids=/song/playlist/id/14974,黎明live95 那一夜我们在霓虹下起舞,http://img.xiami.net/images/album/img1/501/21851347340312_2.jpg,向雪怀,林慕德,\N,12
139,DNA出错,黎明,http://www.xiami.com/play?ids=/song/playlist/id/14855,DNA出错,http://img.xiami.net/images/album/img1/501/21751315891333_2.jpg,周耀辉,吴国恩,\N,9
140,孤单的人孤单的我,黎明,http://www.xiami.com/play?ids=/song/playlist/id/14306,More Than Classic,http://img.xiami.net/images/album/img1/501/21401469787369_2.jpg,向雪怀,\N,\N,6
141,我会像你一样傻,黎明,http://www.xiami.com/play?ids=/song/playlist/id/15247,但愿不只是朋友,http://img.xiami.net/images/album/img1/501/22101420468145_2.jpg,向雪怀,国安修二,鲍比达,3
142,一夜倾情,黎明,http://www.xiami.com/play?ids=/song/playlist/id/14300,More Than Classic,http://img.xiami.net/images/album/img1/501/21401469787369_2.jpg,向雪怀,\N,\N,4
143,爱比我重要,黎明,http://www.xiami.com/play?ids=/song/playlist/id/14323,More Than Classic,http://img.xiami.net/images/album/img1/501/21401469787369_2.jpg,林夕,\N,\N,4
144,100样可能,黎明,http://www.xiami.com/play?ids=/song/playlist/id/14334,More Than Classic,http://img.xiami.net/images/album/img1/501/21401469787369_2.jpg,周耀辉,\N,\N,8
145,从今开始,黎明,http://www.xiami.com/play?ids=/song/playlist/id/14679,Leon Now,http://img.xiami.net/images/album/img1/501/21641466150222_2.jpeg,\N,\N,\N,18
146,爱比我重要,黎明,http://www.xiami.com/play?ids=/song/playlist/id/14574,Club Sandwich,http://img.xiami.net/images/album/img1/501/21571473651030_2.jpg,林夕,\N,\N,21
147,眼神骗不过,黎明,http://www.xiami.com/play?ids=/song/playlist/id/14326,More Than Classic,http://img.xiami.net/images/album/img1/501/21401469787369_2.jpg,\N,\N,\N,7
148,烟火 ,黎明,http://www.xiami.com/play?ids=/song/playlist/id/1769454449,烟火 新歌+精选,http://img.xiami.net/images/album/img1/501/3756941387622011_2.jpg,黄仲凯、张家丰,雷颂德,雷颂德,16
149,我的亲爱 (live),黎明,http://www.xiami.com/play?ids=/song/playlist/id/15236,一夜倾情演唱会,http://img.xiami.net/images/album/img1/501/22081337318367_2.jpg,\N,\N,\N,7
150,送你一瓣的雪花,黎明,http://www.xiami.com/play?ids=/song/playlist/id/14304,More Than Classic,http://img.xiami.net/images/album/img1/501/21401469787369_2.jpg,古倩敏,\N,\N,7
151,Can't Take My Eyes Off U,黎明,http://www.xiami.com/play?ids=/song/playlist/id/14594,北京站,http://img.xiami.net/images/album/img1/501/21591387625104_2.jpg,林夕,Bob Crewe/ Bob Gauclio,雷颂德,26
152,사랑한 후에(心在跳韩语版),黎明,http://www.xiami.com/play?ids=/song/playlist/id/1770598310,我这样爱你,http://img.xiami.net/images/album/img1/501/21721385958197_2.jpg,유유진,최성욱,하림,19
153,我来自北京(国语版),黎明,http://www.xiami.com/play?ids=/song/playlist/id/15266,堆积情感,http://img.xiami.net/images/album/img1/501/22111316768761_2.jpg,Kondo,Keith,陈泽忠,7
154,男人要偶尔孤独,黎明,http://www.xiami.com/play?ids=/song/playlist/id/14993,为何你不是我的未来,http://img.xiami.net/images/album/img1/501/21871314596773_2.jpg,\N,\N,\N,1
155,相逢在雨中,黎明,http://www.xiami.com/play?ids=/song/playlist/id/15332,Leon,http://img.xiami.net/images/album/img1/501/22181352357290_2.jpg,简宁,\N,\N,12
156,哪有一天不想你,黎明,http://www.xiami.com/play?ids=/song/playlist/id/15121,我的真心献给你,http://img.xiami.net/images/album/img1/501/22001312942937_2.jpg,何启弘,林慕德,林慕德,7
157,每天爱你多一些,黎明,http://www.xiami.com/play?ids=/song/playlist/id/14248,4 In Love,http://img.xiami.net/images/album/img1/501/21351387622136_2.jpg,林振强,桑田佳佑,雷颂德,9
158,不怕你不爱我,黎明,http://www.xiami.com/play?ids=/song/playlist/id/14661,非我莫属,http://img.xiami.net/images/album/img1/501/21631385691793_2.jpg,林夕,雷颂德,雷颂德,8
159,Sugar in the Marmalade(国语版),黎明,http://www.xiami.com/play?ids=/song/playlist/id/14659,非我莫属,http://img.xiami.net/images/album/img1/501/21631385691793_2.jpg,\N,\N,\N,10
160,你很爱我,黎明,http://www.xiami.com/play?ids=/song/playlist/id/14504,喜,http://img.xiami.net/images/album/img1/501/21531387623832_2.jpg,黃偉文,雷頌德,\N,15
161,蓝色街灯,黎明,http://www.xiami.com/play?ids=/song/playlist/id/14803,你爱不爱精选,http://img.xiami.net/images/album/img1/501/21701411467327_2.jpg,古倩敏,\N,\N,8
162,你懂我的爱,黎明,http://www.xiami.com/play?ids=/song/playlist/id/1769454459,烟火 新歌+精选,http://img.xiami.net/images/album/img1/501/3756941387622011_2.jpg,姚谦,雷颂德,雷颂德,15
163,真爱在明天,黎明,http://www.xiami.com/play?ids=/song/playlist/id/15329,我的感觉,http://img.xiami.net/images/album/img1/501/2217_2.jpg,向雪怀,黎沸挥,\N,7
164,看上她 (Rebalanced),黎明,http://www.xiami.com/play?ids=/song/playlist/id/14520,The Red Shoes Evolution Remix,http://img.xiami.net/images/album/img1/501/21541473650994_2.jpg,\N,\N,\N,4
165,我的亲爱还是你,黎明,http://www.xiami.com/play?ids=/song/playlist/id/15116,天地情缘,http://img.xiami.net/images/album/img1/501/21991408962477_2.jpg,刘卓辉,施盈伟/莎莎,唐奕聪,2
166,对你的爱永远多一点,黎明,http://www.xiami.com/play?ids=/song/playlist/id/15178,为我停留,http://img.xiami.net/images/album/img1/501/22041367999565_2.jpg,谢明训,蔡议樟,屠颖,11
167,及时拥抱,黎明,http://www.xiami.com/play?ids=/song/playlist/id/14600,北京站,http://img.xiami.net/images/album/img1/501/21591387625104_2.jpg,林夕,雷德颂,雷德颂,19
168,人在边缘,黎明,http://www.xiami.com/play?ids=/song/playlist/id/15279,倾城之最,http://img.xiami.net/images/album/img54/62/58185aa56200f_3113854_1477991077_2.jpg,陈少琪,卢东尼,\N,9
169,送你一瓣的雪花,黎明,http://www.xiami.com/play?ids=/song/playlist/id/15082,火舞艳阳,http://img.xiami.net/images/album/img1/501/2196_2.jpg,古倩敏,Chage,\N,17
170,两心知,黎明,http://www.xiami.com/play?ids=/song/playlist/id/15327,我的感觉,http://img.xiami.net/images/album/img1/501/2217_2.jpg,ASUKA, RYOU,\N,\N,5
171,简爱,黎明,http://www.xiami.com/play?ids=/song/playlist/id/14324,More Than Classic,http://img.xiami.net/images/album/img1/501/21401469787369_2.jpg,\N,\N,\N,4
172,我爱Ichi Ban,黎明,http://www.xiami.com/play?ids=/song/playlist/id/14329,More Than Classic,http://img.xiami.net/images/album/img1/501/21401469787369_2.jpg,刘卓辉,\N,\N,6
173,或许…未必…不过,黎明,http://www.xiami.com/play?ids=/song/playlist/id/14313,More Than Classic,http://img.xiami.net/images/album/img1/501/21401469787369_2.jpg,林夕,雷颂德,\N,4
174,今夜你会不会来,黎明,http://www.xiami.com/play?ids=/song/playlist/id/15269,倾城之最,http://img.xiami.net/images/album/img54/62/58185aa56200f_3113854_1477991077_2.jpg,简宁,林东松,王豫民,17
175,大城小事,黎明,http://www.xiami.com/play?ids=/song/playlist/id/1769454480,烟火 新歌+精选,http://img.xiami.net/images/album/img1/501/3756941387622011_2.jpg,林夕,雷颂德,雷颂德,8
176,假如今夜你在我的家,黎明,http://www.xiami.com/play?ids=/song/playlist/id/14859,DNA出错,http://img.xiami.net/images/album/img1/501/21751315891333_2.jpg,\N,\N,\N,11
177,我等不到你,黎明,http://www.xiami.com/play?ids=/song/playlist/id/15264,堆积情感,http://img.xiami.net/images/album/img1/501/22111316768761_2.jpg,谢明训,薛忠铭,\N,7
178,只要为我爱一天,黎明,http://www.xiami.com/play?ids=/song/playlist/id/14866,If,http://img.xiami.net/images/album/img1/501/21761422876095_2.jpg,林夕,雷颂德,\N,20
179,Can't Take My Eyes Off,黎明,http://www.xiami.com/play?ids=/song/playlist/id/14337,More Than Classic,http://img.xiami.net/images/album/img1/501/21401469787369_2.jpg,人 : Bob Crewe / Bob Gauclio 填,\N,\N,7
180,一生最爱就是你,黎明,http://www.xiami.com/play?ids=/song/playlist/id/15057,天地豪情,http://img.xiami.net/images/album/img1/501/21931375706834_2.jpg,向雪怀,林慕德,\N,10
181,指日可待,黎明,http://www.xiami.com/play?ids=/song/playlist/id/14341,More Than Classic,http://img.xiami.net/images/album/img1/501/21401469787369_2.jpg,\N,\N,\N,1
182,相逢在雨中 (live),黎明,http://www.xiami.com/play?ids=/song/playlist/id/15219,一夜倾情演唱会,http://img.xiami.net/images/album/img1/501/22081337318367_2.jpg,简宁,\N,\N,5
183,等待能有一天被爱,黎明,http://www.xiami.com/play?ids=/song/playlist/id/15261,堆积情感,http://img.xiami.net/images/album/img1/501/22111316768761_2.jpg,Ko,Ku,Chris Babida,3
184,孤单的人孤单的我,黎明,http://www.xiami.com/play?ids=/song/playlist/id/14813,你爱不爱精选2,http://img.xiami.net/images/album/img1/501/2171_2.jpg,向雪怀,Tachikawa,Toshiyuki,\N,10
185,迟D见,黎明,http://www.xiami.com/play?ids=/song/playlist/id/1770720485,DEC 11 LEO XU,http://img.xiami.net/images/album/img1/501/4861761387621569_2.jpg,\N,\N,\N,6
186,我把自己交给你,黎明,http://www.xiami.com/play?ids=/song/playlist/id/14658,非我莫属,http://img.xiami.net/images/album/img1/501/21631385691793_2.jpg,十方,\N,\N,11
187,情,黎明,http://www.xiami.com/play?ids=/song/playlist/id/1770720484,DEC 11 LEO XU,http://img.xiami.net/images/album/img1/501/4861761387621569_2.jpg,林夕,雷颂德,\N,31
188,今夜你会不会来,黎明,http://www.xiami.com/play?ids=/song/playlist/id/14756,恋曲新世纪,http://img.xiami.net/images/album/img1/501/21681466150214_2.jpeg,简宁,林东松,王豫民,0
189,真爱在明天,黎明,http://www.xiami.com/play?ids=/song/playlist/id/14302,More Than Classic,http://img.xiami.net/images/album/img1/501/21401469787369_2.jpg,向雪怀,黎沸挥,\N,4
190,一生最爱就是你,黎明,http://www.xiami.com/play?ids=/song/playlist/id/14311,More Than Classic,http://img.xiami.net/images/album/img1/501/21401469787369_2.jpg,向雪怀,\N,\N,2
191,我会像你一样傻,黎明,http://www.xiami.com/play?ids=/song/playlist/id/14770,恋曲新世纪,http://img.xiami.net/images/album/img1/501/21681466150214_2.jpeg,林夕,聂周燕,\N,2
192,如果我们不再相爱,黎明,http://www.xiami.com/play?ids=/song/playlist/id/15012,爱难求,http://img.xiami.net/images/album/img1/501/21891382615503_2.jpg,周治平,周治平,\N,5
193,黎明前的浪漫,黎明,http://www.xiami.com/play?ids=/song/playlist/id/15245,I Love U Ok ?,http://img.xiami.net/images/album/img1/501/22091367999574_2.jpg,刘卓辉,\N,\N,9
194,我只有这么多,黎明,http://www.xiami.com/play?ids=/song/playlist/id/15262,堆积情感,http://img.xiami.net/images/album/img1/501/22111316768761_2.jpg,蒋慧琪,周治平,\N,2
195,你要懂得欺骗自己,黎明,http://www.xiami.com/play?ids=/song/playlist/id/14482,Homework,http://img.xiami.net/images/album/img1/501/21511387624555_2.jpg,林夕,\N,\N,13
196,指日可待,黎明,http://www.xiami.com/play?ids=/song/playlist/id/14509,喜,http://img.xiami.net/images/album/img1/501/21531387623832_2.jpg,\N,\N,\N,10
197,你系我嘅,黎明,http://www.xiami.com/play?ids=/song/playlist/id/14538,The Red Shoes,http://img.xiami.net/images/album/img1/501/21551387624227_2.jpg,\N,\N,\N,11
198,如果这是情,黎明,http://www.xiami.com/play?ids=/song/playlist/id/15310,亲近你,http://img.xiami.net/images/album/img1/501/22151341908261_2.jpg,向雪怀,\N,\N,6
199,Sugar In The Marmalade,黎明,http://www.xiami.com/play?ids=/song/playlist/id/14676,Leon Now,http://img.xiami.net/images/album/img1/501/21641466150222_2.jpeg,周耀辉,雷颂德,雷颂德,17
200,爱情影画戏,黎明,http://www.xiami.com/play?ids=/song/playlist/id/14757,恋曲新世纪,http://img.xiami.net/images/album/img1/501/21681466150214_2.jpeg,古倩敏,邰正宵,唐奕聪,5
201,我爱花香不爱花,黎明,http://www.xiami.com/play?ids=/song/playlist/id/14678,Leon Now,http://img.xiami.net/images/album/img1/501/21641466150222_2.jpeg,\N,\N,\N,11
202,从今开始,黎明,http://www.xiami.com/play?ids=/song/playlist/id/14319,More Than Classic,http://img.xiami.net/images/album/img1/501/21401469787369_2.jpg,\N,\N,\N,5
203,别来无恙,黎明,http://www.xiami.com/play?ids=/song/playlist/id/14346,一个故事,http://img.xiami.net/images/album/img1/501/21411387622954_2.jpg,陈志恒,伍冠谚,\N,18
204,声音的回响,黎明,http://www.xiami.com/play?ids=/song/playlist/id/15291,今夜你会不会来,http://img.xiami.net/images/album/img1/501/22141316743606_2.jpg,罗大佑,罗大佑,罗大佑、鲍比达,14
205,人在黎明,黎明,http://www.xiami.com/play?ids=/song/playlist/id/14775,恋曲新世纪,http://img.xiami.net/images/album/img1/501/21681466150214_2.jpeg,陈少琪,\N,\N,2
206,请你留在我身边,黎明,http://www.xiami.com/play?ids=/song/playlist/id/15059,天地豪情,http://img.xiami.net/images/album/img1/501/21931375706834_2.jpg,简宁,林慕德,\N,3
207,全日爱,黎明,http://www.xiami.com/play?ids=/song/playlist/id/14563,Club Sandwich,http://img.xiami.net/images/album/img1/501/21571473651030_2.jpg,\N,\N,\N,5
208,爱还是不要说的好,黎明,http://www.xiami.com/play?ids=/song/playlist/id/15294,今夜你会不会来,http://img.xiami.net/images/album/img1/501/22141316743606_2.jpg,何启弘,卢东尼/向雪怀,\N,4
209,DNA出错 (演唱会现场版),黎明,http://www.xiami.com/play?ids=/song/playlist/id/1776114508,DNA出错 (演唱会现场版),http://img.xiami.net/images/album/img94/27094/270941464027095_2.jpg,\N,\N,\N,3
210,是我,黎明,http://www.xiami.com/play?ids=/song/playlist/id/3469123,是我,http://img.xiami.net/images/album/img1/501/3129441387621797_2.jpg,冯翰铭,\N,\N,13
211,Fly Me To The Moon,黎明,http://www.xiami.com/play?ids=/song/playlist/id/14602,北京站,http://img.xiami.net/images/album/img1/501/21591387625104_2.jpg,bart howard,bart howard,Anthony Fernandes,18
212,我不是谁,黎明,http://www.xiami.com/play?ids=/song/playlist/id/14656,非我莫属,http://img.xiami.net/images/album/img1/501/21631385691793_2.jpg,\N,\N,\N,2
213,情深说话未曾讲,黎明,http://www.xiami.com/play?ids=/song/playlist/id/14975,情深精选,http://img.xiami.net/images/album/img1/501/2186_2.jpg,\N,\N,\N,32
214,夏日倾情 (Live) ,黎明,http://www.xiami.com/play?ids=/song/playlist/id/14291,Crazy Classic Concert,http://img.xiami.net/images/album/img1/501/21381339578977_2.jpg,\N,\N,\N,10
215,为什么我们只是朋友,黎明,http://www.xiami.com/play?ids=/song/playlist/id/15313,是爱是缘,http://img.xiami.net/images/album/img1/501/2216_2.jpg,黃, 偉文 / 雷, 頌德,\N,\N,2
216,有情天地,黎明,http://www.xiami.com/play?ids=/song/playlist/id/14996,为何你不是我的未来,http://img.xiami.net/images/album/img1/501/21871314596773_2.jpg,\N,\N,\N,6
217,今生相爱,来生再相聚,黎明,http://www.xiami.com/play?ids=/song/playlist/id/15259,堆积情感,http://img.xiami.net/images/album/img1/501/22111316768761_2.jpg,谢明训,G. MATSUI |K. TAMAMKI,\N,3
218,人在黎明 (live),黎明,http://www.xiami.com/play?ids=/song/playlist/id/15228,一夜倾情演唱会,http://img.xiami.net/images/album/img1/501/22081337318367_2.jpg,陈少琪,\N,\N,5
219,你令爱了不起,黎明,http://www.xiami.com/play?ids=/song/playlist/id/14314,More Than Classic,http://img.xiami.net/images/album/img1/501/21401469787369_2.jpg,林振强,\N,\N,5
220,我的真心献给你,黎明,http://www.xiami.com/play?ids=/song/playlist/id/15117,我的真心献给你,http://img.xiami.net/images/album/img1/501/22001312942937_2.jpg,丁晓雯,徐嘉良,\N,3
221,一言为定,黎明,http://www.xiami.com/play?ids=/song/playlist/id/1769454468,烟火 新歌+精选,http://img.xiami.net/images/album/img1/501/3756941387622011_2.jpg,/,/,\N,9
222,爱是傻得起,黎明,http://www.xiami.com/play?ids=/song/playlist/id/1769454461,烟火 新歌+精选,http://img.xiami.net/images/album/img1/501/3756941387622011_2.jpg,林夕,\N,\N,8
223,排行榜,黎明,http://www.xiami.com/play?ids=/song/playlist/id/14407,Leon Dawn,http://img.xiami.net/images/album/img1/501/21491387623652_2.jpg,易家扬,李偲菘,\N,8
224,没名字的歌, 无名字的你,黎明,http://www.xiami.com/play?ids=/song/playlist/id/1772316770,真经典,http://img.xiami.net/images/album/img1/501/19837977981383797798_2.jpg,\N,\N,\N,2
225,对不起,我爱你,黎明,http://www.xiami.com/play?ids=/song/playlist/id/15270,倾城之最,http://img.xiami.net/images/album/img54/62/58185aa56200f_3113854_1477991077_2.jpg,向雪怀,卢东尼,\N,4
226,你都不爱我,黎明,http://www.xiami.com/play?ids=/song/playlist/id/14511,喜,http://img.xiami.net/images/album/img1/501/21531387623832_2.jpg,\N,\N,\N,14
227,最近我有没有说过我爱你,黎明,http://www.xiami.com/play?ids=/song/playlist/id/15258,堆积情感,http://img.xiami.net/images/album/img1/501/22111316768761_2.jpg,何启弘,薛忠铭,\N,4
228,那有一天不想你,黎明,http://www.xiami.com/play?ids=/song/playlist/id/14249,4 In Love,http://img.xiami.net/images/album/img1/501/21351387622136_2.jpg,向雪怀,\N,\N,9
229,今夜你会不会来,黎明,http://www.xiami.com/play?ids=/song/playlist/id/1772316761,真经典,http://img.xiami.net/images/album/img1/501/19837977981383797798_2.jpg,\N,\N,\N,2
230,甜蜜蜜,黎明,http://www.xiami.com/play?ids=/song/playlist/id/14890,半生缘 电影主题曲歌集,http://img.xiami.net/images/album/img1/501/21791341301589_2.jpg,\N,\N,\N,6
231,你令爱了不起,黎明,http://www.xiami.com/play?ids=/song/playlist/id/14793,你爱不爱精选,http://img.xiami.net/images/album/img1/501/21701411467327_2.jpg,雷, 頌德 / 林, 振強,\N,\N,11
232,你是否天使,黎明,http://www.xiami.com/play?ids=/song/playlist/id/15251,但愿不只是朋友,http://img.xiami.net/images/album/img1/501/22101420468145_2.jpg,陈少琪,薛忠铭,唐奕聪,6
233,危情追踪,黎明,http://www.xiami.com/play?ids=/song/playlist/id/15001,梦、追踪,http://img.xiami.net/images/album/img1/501/21881422876086_2.jpg,姚沁,山本洋太,山本洋太,7
234,你令我着迷,黎明,http://www.xiami.com/play?ids=/song/playlist/id/15328,我的感觉,http://img.xiami.net/images/album/img1/501/2217_2.jpg,向雪怀,K.Oda,唐奕聪,6
235,你很爱我,黎明,http://www.xiami.com/play?ids=/song/playlist/id/14325,More Than Classic,http://img.xiami.net/images/album/img1/501/21401469787369_2.jpg,\N,\N,\N,4
236,I Love You Ok?,黎明,http://www.xiami.com/play?ids=/song/playlist/id/15237,I Love U Ok ?,http://img.xiami.net/images/album/img1/501/22091367999574_2.jpg,林敏聪,Goto Tsugutoshi/Akimoto Yasushi,唐奕聪,7
237,你令爱了不起,黎明,http://www.xiami.com/play?ids=/song/playlist/id/14884,Leon Sound,http://img.xiami.net/images/album/img1/501/21771411737871_2.jpg,雷, 頌德 / 林, 振強,\N,\N,5
238,传情达意,黎明,http://www.xiami.com/play?ids=/song/playlist/id/14316,More Than Classic,http://img.xiami.net/images/album/img1/501/21401469787369_2.jpg,陈少琪,\N,\N,1
239,十字天使,黎明,http://www.xiami.com/play?ids=/song/playlist/id/15063,天地豪情,http://img.xiami.net/images/album/img1/501/21931375706834_2.jpg,向雪怀,C.Y.Ko,C.Y.Ko,3
240,Dna出错,黎明,http://www.xiami.com/play?ids=/song/playlist/id/14333,More Than Classic,http://img.xiami.net/images/album/img1/501/21401469787369_2.jpg,\N,\N,\N,2
241,尽情地爱,黎明,http://www.xiami.com/play?ids=/song/playlist/id/14559,Club Sandwich,http://img.xiami.net/images/album/img1/501/21571473651030_2.jpg,殷健强,\N,\N,14
242,我的另一半,黎明,http://www.xiami.com/play?ids=/song/playlist/id/15190,我的另一半,http://img.xiami.net/images/album/img1/501/22051340676166_2.jpg,刘卓辉,黎明,苏德华,16
243,记忆的花园,黎明,http://www.xiami.com/play?ids=/song/playlist/id/14601,北京站,http://img.xiami.net/images/album/img1/501/21591387625104_2.jpg,十方,雷颂德,雷颂德,12
244,我爱Ichi Ban,黎明,http://www.xiami.com/play?ids=/song/playlist/id/15239,I Love U Ok ?,http://img.xiami.net/images/album/img1/501/22091367999574_2.jpg,\N,\N,\N,8
245,大哥 (Live) ,黎明,http://www.xiami.com/play?ids=/song/playlist/id/14282,Crazy Classic Concert,http://img.xiami.net/images/album/img1/501/21381339578977_2.jpg,林夕,Robert Lay @ On Your Mark,Robert Lay @ On Your Mark,24
246,或许…未必…不过,黎明,http://www.xiami.com/play?ids=/song/playlist/id/14801,你爱不爱精选,http://img.xiami.net/images/album/img1/501/21701411467327_2.jpg,\N,\N,\N,13
247,愿你今夜别离去,黎明,http://www.xiami.com/play?ids=/song/playlist/id/14253,4 In Love,http://img.xiami.net/images/album/img1/501/21351387622136_2.jpg,刘卓辉,MATSUMOTO TOSHIANI／ANIMOTO MASUSHI,雷颂德,6
248,真的爱情定可到未来,黎明,http://www.xiami.com/play?ids=/song/playlist/id/15189,我的另一半,http://img.xiami.net/images/album/img1/501/22051340676166_2.jpg,向雪怀,Horiuchi,Takao/Araki,Toyohisa,\N,13
249,及时拥抱,黎明,http://www.xiami.com/play?ids=/song/playlist/id/14322,More Than Classic,http://img.xiami.net/images/album/img1/501/21401469787369_2.jpg,人 : 雷德颂 填,\N,\N,5
250,夏日倾情,黎明,http://www.xiami.com/play?ids=/song/playlist/id/1772316766,真经典,http://img.xiami.net/images/album/img1/501/19837977981383797798_2.jpg,\N,\N,\N,5
251,长情,黎明,http://www.xiami.com/play?ids=/song/playlist/id/1769454450,烟火 新歌+精选,http://img.xiami.net/images/album/img1/501/3756941387622011_2.jpg,林夕,伍冠谚 陈志恒,\N,4
252,사랑의 시작 (한국어 버전)  ,黎明,http://www.xiami.com/play?ids=/song/playlist/id/1770305369,如果可以再见你,http://img.xiami.net/images/album/img1/501/2165_2.jpg,林夕（中文版）,雷颂德,雷颂德,7
253,孤单的人孤单的我,黎明,http://www.xiami.com/play?ids=/song/playlist/id/15201,夏日倾情,http://img.xiami.net/images/album/img1/501/22061470642885_2.jpg,向雪怀,Toshiyuki Tachikawa,苏德华,4
254,无名份的浪漫 (Live) ,黎明,http://www.xiami.com/play?ids=/song/playlist/id/14274,Crazy Classic Concert,http://img.xiami.net/images/album/img1/501/21381339578977_2.jpg,林夕,JUWIE HASSAN,\N,9
255,醉舞,黎明,http://www.xiami.com/play?ids=/song/playlist/id/15314,是爱是缘,http://img.xiami.net/images/album/img1/501/2216_2.jpg,潘伟源,黄舒骏,唐奕聪,6
256,夜变得精彩,黎明,http://www.xiami.com/play?ids=/song/playlist/id/15325,我的感觉,http://img.xiami.net/images/album/img1/501/2217_2.jpg,\N,\N,\N,3
257,相逢在雨中,黎明,http://www.xiami.com/play?ids=/song/playlist/id/1772316758,真经典,http://img.xiami.net/images/album/img1/501/19837977981383797798_2.jpg,简宁,\N,\N,2
258,一生最爱,黎明,http://www.xiami.com/play?ids=/song/playlist/id/15166,梦幻古堡,http://img.xiami.net/images/album/img1/501/22021469765106_2.jpg,林夕,张国荣,Richard Yuen,11
259,梦想成真(东方新天地),黎明,http://www.xiami.com/play?ids=/song/playlist/id/14560,Club Sandwich,http://img.xiami.net/images/album/img1/501/21571473651030_2.jpg,\N,\N,\N,10
260,我的亲爱,黎明,http://www.xiami.com/play?ids=/song/playlist/id/15213,夏日烧着了Remix,http://img.xiami.net/images/album/img1/501/22071380076151_2.jpg,\N,\N,\N,10
261,我的亲爱,黎明,http://www.xiami.com/play?ids=/song/playlist/id/1772316762,真经典,http://img.xiami.net/images/album/img1/501/19837977981383797798_2.jpg,刘卓辉,槙原敬之,唐奕聪,3
262,人在黎明,黎明,http://www.xiami.com/play?ids=/song/playlist/id/15272,倾城之最,http://img.xiami.net/images/album/img54/62/58185aa56200f_3113854_1477991077_2.jpg,陈少琪,\N,\N,1
263,你不会孤单,黎明,http://www.xiami.com/play?ids=/song/playlist/id/1771157228,你不会孤单,http://img.xiami.net/images/album/img1/501/5273791341994447_2.jpg,梁, 偉文 (PKA 林夕) / 雷, 頌德,\N,\N,4
264,朋友好久不见,黎明,http://www.xiami.com/play?ids=/song/playlist/id/15295,今夜你会不会来,http://img.xiami.net/images/album/img1/501/22141316743606_2.jpg,高爱伦,\N,\N,6
265,色情男女,黎明,http://www.xiami.com/play?ids=/song/playlist/id/14913,Perhaps…,http://img.xiami.net/images/album/img1/501/21811463123814_2.png,\N,\N,\N,4
266,对你爱不完,黎明,http://www.xiami.com/play?ids=/song/playlist/id/14247,4 In Love,http://img.xiami.net/images/album/img1/501/21351387622136_2.jpg,陈乐融,Ichiro Hada,雷颂德,4
267,对不起,我爱谁,黎明,http://www.xiami.com/play?ids=/song/playlist/id/14700,如果可以再见你,http://img.xiami.net/images/album/img1/501/2165_2.jpg,\N,\N,\N,4
268,那有一天不想你(Mexico Mix),黎明,http://www.xiami.com/play?ids=/song/playlist/id/15091,那有一天不想你,http://img.xiami.net/images/album/img1/501/2197_2.jpg,向雪怀,林慕德,\N,15
269,心情好,黎明,http://www.xiami.com/play?ids=/song/playlist/id/14500,喜,http://img.xiami.net/images/album/img1/501/21531387623832_2.jpg,\N,\N,\N,8
270,蓝色街灯 (Live) ,黎明,http://www.xiami.com/play?ids=/song/playlist/id/14275,Crazy Classic Concert,http://img.xiami.net/images/album/img1/501/21381339578977_2.jpg,古倩敏,邰正宵／黄大军,\N,6
271,大纲与细节,黎明,http://www.xiami.com/play?ids=/song/playlist/id/14702,如果可以再见你,http://img.xiami.net/images/album/img1/501/2165_2.jpg,周耀辉,雷颂德,\N,0
272,100样可能,黎明,http://www.xiami.com/play?ids=/song/playlist/id/14885,Leon's...,http://img.xiami.net/images/album/img1/501/21781474169181_2.jpg,周耀辉,刘诺生,\N,11
273,中毒的爱情,黎明,http://www.xiami.com/play?ids=/song/playlist/id/14533,The Red Shoes,http://img.xiami.net/images/album/img1/501/21551387624227_2.jpg,\N,\N,\N,11
274,柔情冷看千夫指,黎明,http://www.xiami.com/play?ids=/song/playlist/id/15321,是爱是缘,http://img.xiami.net/images/album/img1/501/2216_2.jpg,向雪怀,\N,\N,1
275,对不起, 我爱你,黎明,http://www.xiami.com/play?ids=/song/playlist/id/1772316760,真经典,http://img.xiami.net/images/album/img1/501/19837977981383797798_2.jpg,\N,\N,\N,1
276,为何你不是我的未来,黎明,http://www.xiami.com/play?ids=/song/playlist/id/14992,为何你不是我的未来,http://img.xiami.net/images/album/img1/501/21871314596773_2.jpg,陳冠蒨,陳冠蒨,\N,14
277,别舔伤口,黎明,http://www.xiami.com/play?ids=/song/playlist/id/1769454457,烟火 新歌+精选,http://img.xiami.net/images/album/img1/501/3756941387622011_2.jpg,\N,\N,\N,4
278,人在边缘,黎明,http://www.xiami.com/play?ids=/song/playlist/id/15307,亲近你,http://img.xiami.net/images/album/img1/501/22151341908261_2.jpg,\N,\N,\N,12
279,别框我,黎明,http://www.xiami.com/play?ids=/song/playlist/id/14512,喜,http://img.xiami.net/images/album/img1/501/21531387623832_2.jpg,黃, 偉文 / 雷, 頌德,\N,\N,6
280,愿你今夜别离去,黎明,http://www.xiami.com/play?ids=/song/playlist/id/1769454453,烟火 新歌+精选,http://img.xiami.net/images/album/img1/501/3756941387622011_2.jpg,\N,\N,\N,4
281,分手总要在雨天,黎明,http://www.xiami.com/play?ids=/song/playlist/id/14256,4 In Love,http://img.xiami.net/images/album/img1/501/21351387622136_2.jpg,陈少琪,片山圭司,雷颂德,1
282,Happy 2000(2000 Mix),黎明,http://www.xiami.com/play?ids=/song/playlist/id/14652,眼睛想旅行,http://img.xiami.net/images/album/img1/501/2162_2.jpg,\N,\N,\N,1
283,或许…未必…不过,黎明,http://www.xiami.com/play?ids=/song/playlist/id/14915,Perhaps…,http://img.xiami.net/images/album/img1/501/21811463123814_2.png,\N,\N,\N,8
284,透明,黎明,http://www.xiami.com/play?ids=/song/playlist/id/14682,Leon Now,http://img.xiami.net/images/album/img1/501/21641466150222_2.jpeg,十方,\N,\N,4
285,无名份的浪漫,黎明,http://www.xiami.com/play?ids=/song/playlist/id/14808,你爱不爱精选,http://img.xiami.net/images/album/img1/501/21701411467327_2.jpg,林夕,\N,\N,3
286,忘情水,黎明,http://www.xiami.com/play?ids=/song/playlist/id/14258,4 In Love,http://img.xiami.net/images/album/img1/501/21351387622136_2.jpg,李安修,陈耀川,雷颂德,3
287,最美时光,黎明,http://www.xiami.com/play?ids=/song/playlist/id/14498,2002世界杯冲锋陷阵,http://img.xiami.net/images/album/img1/501/21521322535807_2.jpg,\N,\N,\N,4
288,永相依,黎明,http://www.xiami.com/play?ids=/song/playlist/id/15323,我的感觉,http://img.xiami.net/images/album/img1/501/2217_2.jpg,潘伟源,许聪明/高爱伦,\N,4
289,爱的呼唤,黎明,http://www.xiami.com/play?ids=/song/playlist/id/14259,4 In Love,http://img.xiami.net/images/album/img1/501/21351387622136_2.jpg,小美,谭国政,雷颂德,2
290,小心陌生人,黎明,http://www.xiami.com/play?ids=/song/playlist/id/14660,非我莫属,http://img.xiami.net/images/album/img1/501/21631385691793_2.jpg,周耀辉,雷颂德,雷颂德,1
291,明白我的爱,黎明,http://www.xiami.com/play?ids=/song/playlist/id/15265,堆积情感,http://img.xiami.net/images/album/img1/501/22111316768761_2.jpg,黎明,天蒙光,唐奕聪,5
292,不可一世,黎明,http://www.xiami.com/play?ids=/song/playlist/id/1769454454,烟火 新歌+精选,http://img.xiami.net/images/album/img1/501/3756941387622011_2.jpg,\N,\N,\N,4
293,我用深情与你相约,黎明,http://www.xiami.com/play?ids=/song/playlist/id/15168,深秋的黎明,http://img.xiami.net/images/album/img1/501/2203_2.jpg,谢明训,陈子鸿,屠颖,4
294,愿你今夜别离去,黎明,http://www.xiami.com/play?ids=/song/playlist/id/1772316764,真经典,http://img.xiami.net/images/album/img1/501/19837977981383797798_2.jpg,\N,\N,\N,1
295,一夜倾情 (live),黎明,http://www.xiami.com/play?ids=/song/playlist/id/15226,一夜倾情演唱会,http://img.xiami.net/images/album/img1/501/22081337318367_2.jpg,向雪怀,\N,\N,2
296,你系我嘅 (Higher!Fire!),黎明,http://www.xiami.com/play?ids=/song/playlist/id/14518,The Red Shoes Evolution Remix,http://img.xiami.net/images/album/img1/501/21541473650994_2.jpg,\N,\N,\N,1
297,是爱是缘,黎明,http://www.xiami.com/play?ids=/song/playlist/id/15319,是爱是缘,http://img.xiami.net/images/album/img1/501/2216_2.jpg,简宁,陈永明,\N,9
298,长情,黎明,http://www.xiami.com/play?ids=/song/playlist/id/14377,长情,http://img.xiami.net/images/album/img1/501/2143_2.jpg,林夕,伍冠谚 陈志恒,\N,11
299,但愿我潇洒,黎明,http://www.xiami.com/play?ids=/song/playlist/id/15240,I Love U Ok ?,http://img.xiami.net/images/album/img1/501/22091367999574_2.jpg,\N,\N,\N,1
300,我来自北京 (live),黎明,http://www.xiami.com/play?ids=/song/playlist/id/15232,一夜倾情演唱会,http://img.xiami.net/images/album/img1/501/22081337318367_2.jpg,刘卓辉,\N,\N,0
301,为我停留,黎明,http://www.xiami.com/play?ids=/song/playlist/id/15177,为我停留,http://img.xiami.net/images/album/img1/501/22041367999565_2.jpg,MICHAEL,\N,\N,4
302,我来自北京(Remix),黎明,http://www.xiami.com/play?ids=/song/playlist/id/15274,倾城之最,http://img.xiami.net/images/album/img54/62/58185aa56200f_3113854_1477991077_2.jpg,刘卓辉,Keith,\N,4
303,My Love My Fate (Live) ,黎明,http://www.xiami.com/play?ids=/song/playlist/id/14281,Crazy Classic Concert,http://img.xiami.net/images/album/img1/501/21381339578977_2.jpg,\N,\N,\N,11
304,那有一天不想你,黎明,http://www.xiami.com/play?ids=/song/playlist/id/14798,你爱不爱精选,http://img.xiami.net/images/album/img1/501/21701411467327_2.jpg,向雪怀,\N,\N,2
305,Be My Girl,黎明,http://www.xiami.com/play?ids=/song/playlist/id/14680,Leon Now,http://img.xiami.net/images/album/img1/501/21641466150222_2.jpeg,林夕,\N,\N,3
306,让爱随你走,黎明,http://www.xiami.com/play?ids=/song/playlist/id/15123,我的真心献给你,http://img.xiami.net/images/album/img1/501/22001312942937_2.jpg,\N,\N,\N,2
307,妹子,黎明,http://www.xiami.com/play?ids=/song/playlist/id/14351,一个故事,http://img.xiami.net/images/album/img1/501/21411387622954_2.jpg,李剑青,李剑青,伍冠谚,2
308,深秋的黎明,黎明,http://www.xiami.com/play?ids=/song/playlist/id/1769697864,20世纪中华歌坛名人百集珍藏版,http://img.xiami.net/images/album/img1/501/1806091462425088_2.jpg,\N,\N,\N,1
309,爱不完,黎明,http://www.xiami.com/play?ids=/song/playlist/id/14246,4 In Love,http://img.xiami.net/images/album/img1/501/21351387622136_2.jpg,林振强,杜自持,雷颂德,5
310,给你一生用不完的爱,黎明,http://www.xiami.com/play?ids=/song/playlist/id/15173,深秋的黎明,http://img.xiami.net/images/album/img1/501/2203_2.jpg,A,陈永明,\N,1
311,黎明与我,黎明,http://www.xiami.com/play?ids=/song/playlist/id/14879,Leon Sound,http://img.xiami.net/images/album/img1/501/21771411737871_2.jpg,林夕,雷颂德,雷颂德,9
312,客串,黎明,http://www.xiami.com/play?ids=/song/playlist/id/14657,非我莫属,http://img.xiami.net/images/album/img1/501/21631385691793_2.jpg,雷, 頌德 / 梁, 偉文 (PKA 林夕),\N,\N,3
313,Sugar In The Marmalade(Remix),黎明,http://www.xiami.com/play?ids=/song/playlist/id/14653,眼睛想旅行,http://img.xiami.net/images/album/img1/501/2162_2.jpg,周耀辉,\N,\N,8
314,天才白痴往日情,黎明,http://www.xiami.com/play?ids=/song/playlist/id/15254,但愿不只是朋友,http://img.xiami.net/images/album/img1/501/22101420468145_2.jpg,\N,\N,\N,8
315,今生不再 (Live) ,黎明,http://www.xiami.com/play?ids=/song/playlist/id/14283,Crazy Classic Concert,http://img.xiami.net/images/album/img1/501/21381339578977_2.jpg,林夕,李迪文,\N,11
316,火舞艳阳,黎明,http://www.xiami.com/play?ids=/song/playlist/id/14848,舞变,http://img.xiami.net/images/album/img1/501/2174_2.jpg,\N,\N,\N,0
317,偷走我的爱,黎明,http://www.xiami.com/play?ids=/song/playlist/id/15172,深秋的黎明,http://img.xiami.net/images/album/img1/501/2203_2.jpg,向月,黄明洲,屠颖,3
318,Sugar In The Marmalade,黎明,http://www.xiami.com/play?ids=/song/playlist/id/14561,Club Sandwich,http://img.xiami.net/images/album/img1/501/21571473651030_2.jpg,\N,\N,\N,11
319,我的感觉,黎明,http://www.xiami.com/play?ids=/song/playlist/id/15271,倾城之最,http://img.xiami.net/images/album/img54/62/58185aa56200f_3113854_1477991077_2.jpg,向雪怀,\N,\N,4
320,对不起,我爱你,黎明,http://www.xiami.com/play?ids=/song/playlist/id/14806,你爱不爱精选,http://img.xiami.net/images/album/img1/501/21701411467327_2.jpg,向雪怀,卢东尼,\N,6
321,眼睛想旅行,黎明,http://www.xiami.com/play?ids=/song/playlist/id/14566,Club Sandwich,http://img.xiami.net/images/album/img1/501/21571473651030_2.jpg,\N,\N,\N,7
322,Prime Donna,黎明,http://www.xiami.com/play?ids=/song/playlist/id/14338,More Than Classic,http://img.xiami.net/images/album/img1/501/21401469787369_2.jpg,\N,\N,\N,3
323,夏日倾情 (live),黎明,http://www.xiami.com/play?ids=/song/playlist/id/14972,黎明live95 那一夜我们在霓虹下起舞,http://img.xiami.net/images/album/img1/501/21851347340312_2.jpg,\N,\N,\N,3
324,邂逅、偶遇、散步、对望,黎明,http://www.xiami.com/play?ids=/song/playlist/id/15330,我的感觉,http://img.xiami.net/images/album/img1/501/2217_2.jpg,小美　,陈永明　,卢东尼,3
325,蓝雨,黎明,http://www.xiami.com/play?ids=/song/playlist/id/14260,4 In Love,http://img.xiami.net/images/album/img1/501/21351387622136_2.jpg,林振强,Hideaki Toku,\N,8
326,Ba Ba,黎明,http://www.xiami.com/play?ids=/song/playlist/id/14342,More Than Classic,http://img.xiami.net/images/album/img1/501/21401469787369_2.jpg,林夕,\N,\N,2
327,Sausalito,黎明,http://www.xiami.com/play?ids=/song/playlist/id/14606,北京站,http://img.xiami.net/images/album/img1/501/21591387625104_2.jpg,雷颂德,雷颂德,雷颂德,18
328,Happy 2000,黎明,http://www.xiami.com/play?ids=/song/playlist/id/14570,Club Sandwich,http://img.xiami.net/images/album/img1/501/21571473651030_2.jpg,周耀辉,\N,\N,8
329,那有一天不想你 (Live) ,黎明,http://www.xiami.com/play?ids=/song/playlist/id/14273,Crazy Classic Concert,http://img.xiami.net/images/album/img1/501/21381339578977_2.jpg,向雪怀,林慕德,\N,3
330,夜夜梦中见,黎明,http://www.xiami.com/play?ids=/song/playlist/id/15276,倾城之最,http://img.xiami.net/images/album/img54/62/58185aa56200f_3113854_1477991077_2.jpg,向雪怀,\N,\N,2
331,口不对心,黎明,http://www.xiami.com/play?ids=/song/playlist/id/14899,口不对心,http://img.xiami.net/images/album/img1/501/21801316068040_2.jpg,林夕,黄国伦,钟兴民,8
332,没名字的歌,无名字的你,黎明,http://www.xiami.com/play?ids=/song/playlist/id/15004,梦、追踪,http://img.xiami.net/images/album/img1/501/21881422876086_2.jpg,林夕,Calvin Ho,赵增熹,8
333,好像在我耳旁,黎明,http://www.xiami.com/play?ids=/song/playlist/id/14487,Homework,http://img.xiami.net/images/album/img1/501/21511387624555_2.jpg,周枫 / 朱自强,\N,\N,13
334,情感的禁区,黎明,http://www.xiami.com/play?ids=/song/playlist/id/14254,4 In Love,http://img.xiami.net/images/album/img1/501/21351387622136_2.jpg,\N,\N,\N,1
335,伤心的背后,黎明,http://www.xiami.com/play?ids=/song/playlist/id/15306,亲近你,http://img.xiami.net/images/album/img1/501/22151341908261_2.jpg,\N,\N,\N,5
336,如果这是情,黎明,http://www.xiami.com/play?ids=/song/playlist/id/1772316759,真经典,http://img.xiami.net/images/album/img1/501/19837977981383797798_2.jpg,\N,\N,\N,2
337,莎哟哪啦,黎明,http://www.xiami.com/play?ids=/song/playlist/id/15171,深秋的黎明,http://img.xiami.net/images/album/img1/501/2203_2.jpg,方丽莎,槙原敬之,唐奕聪,8
338,最好你走,黎明,http://www.xiami.com/play?ids=/song/playlist/id/14327,More Than Classic,http://img.xiami.net/images/album/img1/501/21401469787369_2.jpg,林夕,\N,\N,2
339,女友的男友,黎明,http://www.xiami.com/play?ids=/song/playlist/id/14919,Perhaps…,http://img.xiami.net/images/album/img1/501/21811463123814_2.png,潘源良,Hyeon Cheol　　,Billy Chan,9
340,最好你走,黎明,http://www.xiami.com/play?ids=/song/playlist/id/14486,Homework,http://img.xiami.net/images/album/img1/501/21511387624555_2.jpg,林夕,\N,\N,5
341,交换心情,黎明,http://www.xiami.com/play?ids=/song/playlist/id/14665,非我莫属,http://img.xiami.net/images/album/img1/501/21631385691793_2.jpg,雷, 頌德 / 梁, 偉文 (PKA 林夕),\N,\N,3
342,夏日烧着了,黎明,http://www.xiami.com/play?ids=/song/playlist/id/14330,More Than Classic,http://img.xiami.net/images/album/img1/501/21401469787369_2.jpg,刘卓辉,\N,\N,1
343,Happy 2000 (国语版),黎明,http://www.xiami.com/play?ids=/song/playlist/id/14706,如果可以再见你,http://img.xiami.net/images/album/img1/501/2165_2.jpg,周耀辉,雷颂德,雷颂德,3
344,爱情影画戏 (live),黎明,http://www.xiami.com/play?ids=/song/playlist/id/14960,黎明live95 那一夜我们在霓虹下起舞,http://img.xiami.net/images/album/img1/501/21851347340312_2.jpg,古倩敏,邰正宵,\N,3
345,杂念,黎明,http://www.xiami.com/play?ids=/song/playlist/id/14892,半生缘 电影主题曲歌集,http://img.xiami.net/images/album/img1/501/21791341301589_2.jpg,\N,\N,\N,5
346,多久没有,黎明,http://www.xiami.com/play?ids=/song/playlist/id/14662,非我莫属,http://img.xiami.net/images/album/img1/501/21631385691793_2.jpg,梁, 偉文 (PKA 林夕) / 包, 小柏,\N,\N,2
347,如果可以再见你 (Live) ,黎明,http://www.xiami.com/play?ids=/song/playlist/id/14279,Crazy Classic Concert,http://img.xiami.net/images/album/img1/501/21381339578977_2.jpg,\N,\N,\N,2
348,我太傻了吗,黎明,http://www.xiami.com/play?ids=/song/playlist/id/14832,向往,http://img.xiami.net/images/album/img1/501/21731318841184_2.jpg,林夕,M.O.Z.,\N,5
349,一个你,一个我,黎明,http://www.xiami.com/play?ids=/song/playlist/id/14692,如果可以再见你,http://img.xiami.net/images/album/img1/501/2165_2.jpg,梁, 偉文 (PKA 林夕),雷, 頌德,\N,2
350,我爱Ichiban,黎明,http://www.xiami.com/play?ids=/song/playlist/id/1772316763,真经典,http://img.xiami.net/images/album/img1/501/19837977981383797798_2.jpg,\N,\N,\N,2
351,无名份的浪漫 (live),黎明,http://www.xiami.com/play?ids=/song/playlist/id/15217,一夜倾情演唱会,http://img.xiami.net/images/album/img1/501/22081337318367_2.jpg,林夕,\N,\N,2
352,或许...未必...不过,黎明,http://www.xiami.com/play?ids=/song/playlist/id/1773564899,The World of Leon Lai,http://img.xiami.net/images/album/img1/501/6114654861411466001_2.jpg,\N,\N,\N,0
353,月亮下求你一吻,黎明,http://www.xiami.com/play?ids=/song/playlist/id/15060,天地豪情,http://img.xiami.net/images/album/img1/501/21931375706834_2.jpg,\N,\N,\N,1
354,That's Life,黎明,http://www.xiami.com/play?ids=/song/playlist/id/14648,眼睛想旅行,http://img.xiami.net/images/album/img1/501/2162_2.jpg,\N,\N,\N,6
355,两心知,黎明,http://www.xiami.com/play?ids=/song/playlist/id/15277,倾城之最,http://img.xiami.net/images/album/img54/62/58185aa56200f_3113854_1477991077_2.jpg,\N,\N,\N,2
356,Ba Ba,黎明,http://www.xiami.com/play?ids=/song/playlist/id/14483,Homework,http://img.xiami.net/images/album/img1/501/21511387624555_2.jpg,林夕,雷颂德,雷颂德,3
357,最后的恋爱 (国语),黎明,http://www.xiami.com/play?ids=/song/playlist/id/15111,天地情缘,http://img.xiami.net/images/album/img1/501/21991408962477_2.jpg,单立文,单立文,苏德华,8
358,甜蜜蜜 (Live at Dragon Studio),黎明,http://www.xiami.com/play?ids=/song/playlist/id/14917,Perhaps…,http://img.xiami.net/images/album/img1/501/21811463123814_2.png,\N,\N,\N,3
359,情已逝,黎明,http://www.xiami.com/play?ids=/song/playlist/id/14252,4 In Love,http://img.xiami.net/images/album/img1/501/21351387622136_2.jpg,\N,\N,\N,1
360,我没有骗你,黎明,http://www.xiami.com/play?ids=/song/playlist/id/14703,如果可以再见你,http://img.xiami.net/images/album/img1/501/2165_2.jpg,\N,\N,\N,4
361,孤单的人孤单的我,黎明,http://www.xiami.com/play?ids=/song/playlist/id/1772316765,真经典,http://img.xiami.net/images/album/img1/501/19837977981383797798_2.jpg,向雪怀,Toshiyiki Tachikawa,苏德华,0
362,单影,黎明,http://www.xiami.com/play?ids=/song/playlist/id/14348,一个故事,http://img.xiami.net/images/album/img1/501/21411387622954_2.jpg,Leo,Mac Chew,\N,2
363,深秋的黎明 (Live) ,黎明,http://www.xiami.com/play?ids=/song/playlist/id/14277,Crazy Classic Concert,http://img.xiami.net/images/album/img1/501/21381339578977_2.jpg,\N,\N,\N,4
364,不羁舞台,黎明,http://www.xiami.com/play?ids=/song/playlist/id/15322,我的感觉,http://img.xiami.net/images/album/img1/501/2217_2.jpg,陈少琪,卢东尼,\N,1
365,没名字的歌, 无名字的你 (Live) ,黎明,http://www.xiami.com/play?ids=/song/playlist/id/14287,Crazy Classic Concert,http://img.xiami.net/images/album/img1/501/21381339578977_2.jpg,\N,\N,\N,5
366,留给我一盏灯火,黎明,http://www.xiami.com/play?ids=/song/playlist/id/15175,深秋的黎明,http://img.xiami.net/images/album/img1/501/2203_2.jpg,丁晓雯　,薛忠铭　,钟兴民/徐德昌,2
367,Oh!夜,黎明,http://www.xiami.com/play?ids=/song/playlist/id/15273,倾城之最,http://img.xiami.net/images/album/img54/62/58185aa56200f_3113854_1477991077_2.jpg,陈少琪,\N,\N,3
368,我是否还爱你,黎明,http://www.xiami.com/play?ids=/song/playlist/id/14418,Leon Dawn,http://img.xiami.net/images/album/img1/501/21491387623652_2.jpg,林夕,側田(On Your Mark) / TED LO,側田(On Your Mark) / TED LO,0
369,爱永不变,黎明,http://www.xiami.com/play?ids=/song/playlist/id/15331,我的感觉,http://img.xiami.net/images/album/img1/501/2217_2.jpg,简宁,T.Kadomatsu,卢东尼,1
370,想着她,黎明,http://www.xiami.com/play?ids=/song/playlist/id/14669,非我莫属,http://img.xiami.net/images/album/img1/501/21631385691793_2.jpg,祝骊雯,\N,\N,3
371,我的感觉是场梦,黎明,http://www.xiami.com/play?ids=/song/playlist/id/15242,I Love U Ok ?,http://img.xiami.net/images/album/img1/501/22091367999574_2.jpg,\N,\N,\N,2
372,夏日烧着了,黎明,http://www.xiami.com/play?ids=/song/playlist/id/15200,夏日倾情,http://img.xiami.net/images/album/img1/501/22061470642885_2.jpg,刘卓辉,Keisuke Kuwata/Tommy Synder,Gary Tong,4
373,恋爱日记,黎明,http://www.xiami.com/play?ids=/song/playlist/id/15209,夏日倾情,http://img.xiami.net/images/album/img1/501/22061470642885_2.jpg,向雪怀,Nikos Ignatiadis,Gary Tong,16
374,只要为我爱一天,黎明,http://www.xiami.com/play?ids=/song/playlist/id/14795,你爱不爱精选,http://img.xiami.net/images/album/img1/501/21701411467327_2.jpg,林夕,\N,\N,2
375,提提我,黎明,http://www.xiami.com/play?ids=/song/playlist/id/14607,北京站,http://img.xiami.net/images/album/img1/501/21591387625104_2.jpg,林夕,雷颂德,雷颂德,12
376,爱情影画戏,黎明,http://www.xiami.com/play?ids=/song/playlist/id/14805,你爱不爱精选,http://img.xiami.net/images/album/img1/501/21701411467327_2.jpg,古倩敏,邰正宵,唐奕聪,2
377,情深说话未曾讲(国语版),黎明,http://www.xiami.com/play?ids=/song/playlist/id/14900,口不对心,http://img.xiami.net/images/album/img1/501/21801316068040_2.jpg,丁晓敏,雷颂德,雷颂德,2
378,情缘,黎明,http://www.xiami.com/play?ids=/song/playlist/id/15096,情缘,http://img.xiami.net/images/album/img1/501/21981397560105_2.jpg,向雪怀,Chagekaoru Nakajima/Mayo Shouno,唐奕聪,7
379,对不起,我爱你 (live),黎明,http://www.xiami.com/play?ids=/song/playlist/id/15220,一夜倾情演唱会,http://img.xiami.net/images/album/img1/501/22081337318367_2.jpg,向雪怀,卢东尼,\N,4
380,长夜多浪漫,黎明,http://www.xiami.com/play?ids=/song/playlist/id/14250,4 In Love,http://img.xiami.net/images/album/img1/501/21351387622136_2.jpg,周礼茂,雷颂德,\N,4
381,无事常相见,黎明,http://www.xiami.com/play?ids=/song/playlist/id/1769454460,烟火 新歌+精选,http://img.xiami.net/images/album/img1/501/3756941387622011_2.jpg,雷颂德,\N,\N,6
382,有情郎,黎明,http://www.xiami.com/play?ids=/song/playlist/id/14344,一个故事,http://img.xiami.net/images/album/img1/501/21411387622954_2.jpg,伍家辉,伍家辉,伍冠谚,12
383,开放,黎明,http://www.xiami.com/play?ids=/song/playlist/id/14317,More Than Classic,http://img.xiami.net/images/album/img1/501/21401469787369_2.jpg,周耀辉,雷颂德,\N,2
384,危情追踪,黎明,http://www.xiami.com/play?ids=/song/playlist/id/14331,More Than Classic,http://img.xiami.net/images/album/img1/501/21401469787369_2.jpg,姚沁,\N,\N,0
385,如果这是情 (Live) ,黎明,http://www.xiami.com/play?ids=/song/playlist/id/14294,Crazy Classic Concert,http://img.xiami.net/images/album/img1/501/21381339578977_2.jpg,向雪怀,K.TAMAKI/G.MOTSUI,\N,3
386,危险的她,黎明,http://www.xiami.com/play?ids=/song/playlist/id/15316,是爱是缘,http://img.xiami.net/images/album/img1/501/2216_2.jpg,\N,\N,\N,2
387,孤单的人孤单的我,黎明,http://www.xiami.com/play?ids=/song/playlist/id/14765,恋曲新世纪,http://img.xiami.net/images/album/img1/501/21681466150214_2.jpeg,\N,\N,\N,3
388,不会让你哭,黎明,http://www.xiami.com/play?ids=/song/playlist/id/14663,非我莫属,http://img.xiami.net/images/album/img1/501/21631385691793_2.jpg,徐世珍,彭莒欣,吴庆隆,2
389,Can't Take My Eyes Off,黎明,http://www.xiami.com/play?ids=/song/playlist/id/14572,Club Sandwich,http://img.xiami.net/images/album/img1/501/21571473651030_2.jpg,Bob Crewe / Bob Gauclio,\N,\N,7
390,嬲,黎明,http://www.xiami.com/play?ids=/song/playlist/id/1769454464,烟火 新歌+精选,http://img.xiami.net/images/album/img1/501/3756941387622011_2.jpg,Robert Lay / 侧田,Robert Lay,\N,5
391,相逢在雨中,黎明,http://www.xiami.com/play?ids=/song/playlist/id/14776,恋曲新世纪,http://img.xiami.net/images/album/img1/501/21681466150214_2.jpeg,简宁,\N,\N,0
392,내게 다시 올때까지(爱你/不爱你韩语版),黎明,http://www.xiami.com/play?ids=/song/playlist/id/1770598311,我这样爱你,http://img.xiami.net/images/album/img1/501/21721385958197_2.jpg,강은경,최성욱,하림,2
393,100样可能,黎明,http://www.xiami.com/play?ids=/song/playlist/id/14794,你爱不爱精选,http://img.xiami.net/images/album/img1/501/21701411467327_2.jpg,\N,\N,\N,4
394,对不起,我爱谁,黎明,http://www.xiami.com/play?ids=/song/playlist/id/14571,Club Sandwich,http://img.xiami.net/images/album/img1/501/21571473651030_2.jpg,林夕,雷颂德,\N,3
395,Prime Donna,黎明,http://www.xiami.com/play?ids=/song/playlist/id/14677,Leon Now,http://img.xiami.net/images/album/img1/501/21641466150222_2.jpeg,周耀辉,雷颂德,雷颂德,6
396,想你们,黎明,http://www.xiami.com/play?ids=/song/playlist/id/3469128,是我,http://img.xiami.net/images/album/img1/501/3129441387621797_2.jpg,林夕,\N,\N,5
397,愿你今夜别离去,黎明,http://www.xiami.com/play?ids=/song/playlist/id/15212,夏日烧着了Remix,http://img.xiami.net/images/album/img1/501/22071380076151_2.jpg,\N,\N,\N,5
398,妄想非非,黎明,http://www.xiami.com/play?ids=/song/playlist/id/14647,眼睛想旅行,http://img.xiami.net/images/album/img1/501/2162_2.jpg,\N,\N,\N,2
399,向往,黎明,http://www.xiami.com/play?ids=/song/playlist/id/14831,向往,http://img.xiami.net/images/album/img1/501/21731318841184_2.jpg,刘卓辉,\N,\N,5
400,情归于尽 (Piano Version),黎明,http://www.xiami.com/play?ids=/song/playlist/id/14389,Love & Promises,http://img.xiami.net/images/album/img1/501/21461387623534_2.jpg,\N,\N,\N,4
401,深秋的黎明 (live),黎明,http://www.xiami.com/play?ids=/song/playlist/id/14954,黎明live95 那一夜我们在霓虹下起舞,http://img.xiami.net/images/album/img1/501/21851347340312_2.jpg,\N,\N,\N,3
402,纯粹误会,黎明,http://www.xiami.com/play?ids=/song/playlist/id/14528,The Red Shoes,http://img.xiami.net/images/album/img1/501/21551387624227_2.jpg,周耀辉,雷颂德,雷颂德,7
403,不规则,黎明,http://www.xiami.com/play?ids=/song/playlist/id/14502,喜,http://img.xiami.net/images/album/img1/501/21531387623832_2.jpg,周耀辉,雷颂德,雷颂德,2
404,给我一秒钟,黎明,http://www.xiami.com/play?ids=/song/playlist/id/1770596929,北京站,http://img.xiami.net/images/album/img1/501/21591387625104_2.jpg,\N,\N,\N,2
405,那有一天不想你,黎明,http://www.xiami.com/play?ids=/song/playlist/id/1772316767,真经典,http://img.xiami.net/images/album/img1/501/19837977981383797798_2.jpg,\N,\N,\N,1
406,无名份的浪漫 (live),黎明,http://www.xiami.com/play?ids=/song/playlist/id/14957,黎明live95 那一夜我们在霓虹下起舞,http://img.xiami.net/images/album/img1/501/21851347340312_2.jpg,林夕,JUWIE HASSAN,\N,3
407,亲近你,黎明,http://www.xiami.com/play?ids=/song/playlist/id/15302,亲近你,http://img.xiami.net/images/album/img1/501/22151341908261_2.jpg,林夕,徐日勤,\N,5
408,贪新爱旧,黎明,http://www.xiami.com/play?ids=/song/playlist/id/14877,Leon Sound,http://img.xiami.net/images/album/img1/501/21771411737871_2.jpg,\N,\N,\N,4
409,靠近,黎升铭,http://www.xiami.com/play?ids=/song/playlist/id/1770175036,超乎你想象,http://img.xiami.net/images/album/img2/502/4380511303801217_2.jpg,\N,\N,\N,0
410,最浪漫的事（Karaoke）,黎升铭,http://www.xiami.com/play?ids=/song/playlist/id/1770175042,超乎你想象,http://img.xiami.net/images/album/img2/502/4380511303801217_2.jpg,\N,\N,\N,0
411,最浪漫的事,黎升铭,http://www.xiami.com/play?ids=/song/playlist/id/1770175034,超乎你想象,http://img.xiami.net/images/album/img2/502/4380511303801217_2.jpg,\N,\N,\N,0
412,出手太重,黎升铭,http://www.xiami.com/play?ids=/song/playlist/id/15419,盗墓手,http://img.xiami.net/images/pic/06/08/200609211305121939m_2.jpg,温伟杰aka二号旋,吴微微,\N,0
413,左右左,黎升铭,http://www.xiami.com/play?ids=/song/playlist/id/15418,盗墓手,http://img.xiami.net/images/pic/06/08/200609211305121939m_2.jpg,\N,\N,\N,0
414,我们的爱,黎升铭,http://www.xiami.com/play?ids=/song/playlist/id/15421,盗墓手,http://img.xiami.net/images/pic/06/08/200609211305121939m_2.jpg,\N,\N,\N,0
415,不再不在,黎升铭,http://www.xiami.com/play?ids=/song/playlist/id/1770175035,超乎你想象,http://img.xiami.net/images/album/img2/502/4380511303801217_2.jpg,\N,\N,\N,0
416,怎么又是你,黎升铭,http://www.xiami.com/play?ids=/song/playlist/id/1770175033,超乎你想象,http://img.xiami.net/images/album/img2/502/4380511303801217_2.jpg,\N,\N,\N,2
417,盗墓手,黎升铭,http://www.xiami.com/play?ids=/song/playlist/id/15420,盗墓手,http://img.xiami.net/images/pic/06/08/200609211305121939m_2.jpg,\N,\N,\N,0
418,星星项链,黎升铭,http://www.xiami.com/play?ids=/song/playlist/id/1770175037,超乎你想象,http://img.xiami.net/images/album/img2/502/4380511303801217_2.jpg,\N,\N,\N,0
419,望梅止渴,黎升铭,http://www.xiami.com/play?ids=/song/playlist/id/15425,盗墓手,http://img.xiami.net/images/pic/06/08/200609211305121939m_2.jpg,\N,\N,\N,0
420,城里的我.愿意,黎升铭,http://www.xiami.com/play?ids=/song/playlist/id/1770175038,超乎你想象,http://img.xiami.net/images/album/img2/502/4380511303801217_2.jpg,\N,\N,\N,0
421,我是不是你爱过的人,黎升铭,http://www.xiami.com/play?ids=/song/playlist/id/15426,盗墓手,http://img.xiami.net/images/pic/06/08/200609211305121939m_2.jpg,\N,\N,\N,0
422,超乎你想像,黎升铭,http://www.xiami.com/play?ids=/song/playlist/id/1770175032,超乎你想象,http://img.xiami.net/images/album/img2/502/4380511303801217_2.jpg,\N,\N,\N,0
423,雨街,黎升铭,http://www.xiami.com/play?ids=/song/playlist/id/15422,盗墓手,http://img.xiami.net/images/pic/06/08/200609211305121939m_2.jpg,唱:贾南,唱:贾南,\N,0
424,这世界,黎升铭,http://www.xiami.com/play?ids=/song/playlist/id/15423,盗墓手,http://img.xiami.net/images/pic/06/08/200609211305121939m_2.jpg,\N,\N,\N,0
425,美丽乐花园,黎升铭,http://www.xiami.com/play?ids=/song/playlist/id/1770175039,超乎你想象,http://img.xiami.net/images/album/img2/502/4380511303801217_2.jpg,\N,\N,\N,0
426,超乎你想像（Karaoke）,黎升铭,http://www.xiami.com/play?ids=/song/playlist/id/1770175040,超乎你想象,http://img.xiami.net/images/album/img2/502/4380511303801217_2.jpg,\N,\N,\N,0
427,Solo,黎升铭,http://www.xiami.com/play?ids=/song/playlist/id/15438,花园,http://img.xiami.net/images/album/img2/502/2225_2.jpg,\N,\N,\N,0
428,I Don't Believe,黎升铭,http://www.xiami.com/play?ids=/song/playlist/id/15424,盗墓手,http://img.xiami.net/images/pic/06/08/200609211305121939m_2.jpg,\N,\N,\N,0
429,怎么又是你（Karaoke）,黎升铭,http://www.xiami.com/play?ids=/song/playlist/id/1770175041,超乎你想象,http://img.xiami.net/images/album/img2/502/4380511303801217_2.jpg,\N,\N,\N,0
430,花园,黎升铭,http://www.xiami.com/play?ids=/song/playlist/id/15428,花园,http://img.xiami.net/images/album/img2/502/2225_2.jpg,\N,\N,\N,0
431,Will Be Alright,黎升铭,http://www.xiami.com/play?ids=/song/playlist/id/15435,花园,http://img.xiami.net/images/album/img2/502/2225_2.jpg,\N,\N,\N,0
432,最好的朋友,黎升铭,http://www.xiami.com/play?ids=/song/playlist/id/15429,花园,http://img.xiami.net/images/album/img2/502/2225_2.jpg,\N,\N,\N,0
433,一步步走,黎升铭,http://www.xiami.com/play?ids=/song/playlist/id/15432,花园,http://img.xiami.net/images/album/img2/502/2225_2.jpg,\N,\N,\N,0
434,完美,黎升铭,http://www.xiami.com/play?ids=/song/playlist/id/15430,花园,http://img.xiami.net/images/album/img2/502/2225_2.jpg,\N,\N,\N,1
435,花园Ⅱ,黎升铭,http://www.xiami.com/play?ids=/song/playlist/id/15436,花园,http://img.xiami.net/images/album/img2/502/2225_2.jpg,\N,\N,\N,1
436,菜单,黎升铭,http://www.xiami.com/play?ids=/song/playlist/id/15433,花园,http://img.xiami.net/images/album/img2/502/2225_2.jpg,\N,\N,\N,0
437,生命的颜色,黎升铭,http://www.xiami.com/play?ids=/song/playlist/id/15434,花园,http://img.xiami.net/images/album/img2/502/2225_2.jpg,\N,\N,\N,0
438,有爱有关怀,黎升铭,http://www.xiami.com/play?ids=/song/playlist/id/15437,花园,http://img.xiami.net/images/album/img2/502/2225_2.jpg,\N,\N,\N,0
439,扶手,黎升铭,http://www.xiami.com/play?ids=/song/playlist/id/15431,花园,http://img.xiami.net/images/album/img2/502/2225_2.jpg,\N,\N,\N,0
440,痴情燕子,黎小田,http://www.xiami.com/play?ids=/song/playlist/id/15446,家燕与小田,http://img.xiami.net/images/pic/04/03/10092084056m_2.jpg,\N,\N,\N,0
441,泵泵苏之恋,黎小田,http://www.xiami.com/play?ids=/song/playlist/id/15445,家燕与小田,http://img.xiami.net/images/pic/04/03/10092084056m_2.jpg,\N,\N,\N,1
442,子夜,黎小田,http://www.xiami.com/play?ids=/song/playlist/id/15439,家燕与小田,http://img.xiami.net/images/pic/04/03/10092084056m_2.jpg,\N,\N,\N,0
443,祝祷,黎小田,http://www.xiami.com/play?ids=/song/playlist/id/15444,家燕与小田,http://img.xiami.net/images/pic/04/03/10092084056m_2.jpg,\N,\N,\N,3
444,汤圆皇后,黎小田,http://www.xiami.com/play?ids=/song/playlist/id/15447,家燕与小田,http://img.xiami.net/images/pic/04/03/10092084056m_2.jpg,\N,\N,\N,0
445,送君行,黎小田,http://www.xiami.com/play?ids=/song/playlist/id/15449,家燕与小田,http://img.xiami.net/images/pic/04/03/10092084056m_2.jpg,\N,\N,\N,1
446,轻风送残梦,黎小田,http://www.xiami.com/play?ids=/song/playlist/id/15443,家燕与小田,http://img.xiami.net/images/pic/04/03/10092084056m_2.jpg,\N,\N,\N,1
447,大快活夫妻,黎小田,http://www.xiami.com/play?ids=/song/playlist/id/15440,家燕与小田,http://img.xiami.net/images/pic/04/03/10092084056m_2.jpg,\N,\N,\N,0
448,爱人变了心,黎小田,http://www.xiami.com/play?ids=/song/playlist/id/15448,家燕与小田,http://img.xiami.net/images/pic/04/03/10092084056m_2.jpg,\N,\N,\N,0
449,翠湖之恋,黎小田,http://www.xiami.com/play?ids=/song/playlist/id/15441,家燕与小田,http://img.xiami.net/images/pic/04/03/10092084056m_2.jpg,\N,\N,\N,1
450,离愁,黎小田,http://www.xiami.com/play?ids=/song/playlist/id/15442,家燕与小田,http://img.xiami.net/images/pic/04/03/10092084056m_2.jpg,\N,\N,\N,0
451,家燕与小田,黎小田,http://www.xiami.com/play?ids=/song/playlist/id/15450,家燕与小田,http://img.xiami.net/images/pic/04/03/10092084056m_2.jpg,\N,\N,\N,0
452,嘉陵江上,黎信昌,http://www.xiami.com/play?ids=/song/playlist/id/15451,20世纪中华歌坛名人百集珍藏版,http://img.xiami.net/images/album/img4/504/22301441181389_2.jpg,端木蕻良,贺绿汀,\N,3
453,教我如何不想他,黎信昌,http://www.xiami.com/play?ids=/song/playlist/id/15454,20世纪中华歌坛名人百集珍藏版,http://img.xiami.net/images/album/img4/504/22301441181389_2.jpg,\N,\N,\N,14
454,大江东去,黎信昌,http://www.xiami.com/play?ids=/song/playlist/id/15455,20世纪中华歌坛名人百集珍藏版,http://img.xiami.net/images/album/img4/504/22301441181389_2.jpg,\N,\N,\N,1
455,我住长江头,黎信昌,http://www.xiami.com/play?ids=/song/playlist/id/15453,20世纪中华歌坛名人百集珍藏版,http://img.xiami.net/images/album/img4/504/22301441181389_2.jpg,\N,\N,\N,1
456,菩提树,黎信昌,http://www.xiami.com/play?ids=/song/playlist/id/15460,20世纪中华歌坛名人百集珍藏版,http://img.xiami.net/images/album/img4/504/22301441181389_2.jpg,\N,\N,\N,1
457,思乡,黎信昌,http://www.xiami.com/play?ids=/song/playlist/id/15452,20世纪中华歌坛名人百集珍藏版,http://img.xiami.net/images/album/img4/504/22301441181389_2.jpg,\N,\N,\N,3
458,曲蔓地,黎信昌,http://www.xiami.com/play?ids=/song/playlist/id/15457,20世纪中华歌坛名人百集珍藏版,http://img.xiami.net/images/album/img4/504/22301441181389_2.jpg,\N,\N,\N,2
459,黄河颂,黎信昌,http://www.xiami.com/play?ids=/song/playlist/id/15456,20世纪中华歌坛名人百集珍藏版,http://img.xiami.net/images/album/img4/504/22301441181389_2.jpg,\N,\N,\N,0
460,西波涅,黎信昌,http://www.xiami.com/play?ids=/song/playlist/id/15458,20世纪中华歌坛名人百集珍藏版,http://img.xiami.net/images/album/img4/504/22301441181389_2.jpg,\N,\N,\N,1
461,费加罗的咏叹调,黎信昌,http://www.xiami.com/play?ids=/song/playlist/id/15464,20世纪中华歌坛名人百集珍藏版,http://img.xiami.net/images/album/img4/504/22301441181389_2.jpg,\N,\N,\N,1
462,魔王,黎信昌,http://www.xiami.com/play?ids=/song/playlist/id/15461,20世纪中华歌坛名人百集珍藏版,http://img.xiami.net/images/album/img4/504/22301441181389_2.jpg,\N,\N,\N,0
463,走在雪路上,黎信昌,http://www.xiami.com/play?ids=/song/playlist/id/15459,20世纪中华歌坛名人百集珍藏版,http://img.xiami.net/images/album/img4/504/22301441181389_2.jpg,\N,\N,\N,0
464,唐吉诃德致意中人,黎信昌,http://www.xiami.com/play?ids=/song/playlist/id/15466,20世纪中华歌坛名人百集珍藏版,http://img.xiami.net/images/album/img4/504/22301441181389_2.jpg,\N,\N,\N,0
465,她像天仙一样美丽,黎信昌,http://www.xiami.com/play?ids=/song/playlist/id/15463,20世纪中华歌坛名人百集珍藏版,http://img.xiami.net/images/album/img4/504/22301441181389_2.jpg,\N,\N,\N,0
466,奉献,黎信昌,http://www.xiami.com/play?ids=/song/playlist/id/15462,20世纪中华歌坛名人百集珍藏版,http://img.xiami.net/images/album/img4/504/22301441181389_2.jpg,\N,\N,\N,0
467,瓦连丁的谣唱曲,黎信昌,http://www.xiami.com/play?ids=/song/playlist/id/15465,20世纪中华歌坛名人百集珍藏版,http://img.xiami.net/images/album/img4/504/22301441181389_2.jpg,\N,\N,\N,0
468,爱蒙住我的眼,李炳辰,http://www.xiami.com/play?ids=/song/playlist/id/1769956441,爱蒙住我的眼,http://img.xiami.net/images/album/img6/506/4190281294283226_2.jpg,山野,山野,\N,27
469,男人也有眼泪,李炳辰,http://www.xiami.com/play?ids=/song/playlist/id/1771051812,男人也有眼泪,http://img.xiami.net/images/album/img12/59012/2307421338780600_2.jpg,李炳辰,李炳辰,小文,22
470,感觉,李炳辰,http://www.xiami.com/play?ids=/song/playlist/id/3570202,如果没有你的爱,http://img.xiami.net/images/album/img6/506/3209881236565861_2.jpg,\N,\N,\N,5
471,九九艳阳天,李炳辰,http://www.xiami.com/play?ids=/song/playlist/id/1770236701,九九艳阳天,http://img.xiami.net/images/album/img6/506/4433921306465957_2.jpg,\N,\N,\N,5
472,好想爱你,李炳辰,http://www.xiami.com/play?ids=/song/playlist/id/3570200,如果没有你的爱,http://img.xiami.net/images/album/img6/506/3209881236565861_2.jpg,\N,\N,\N,3
473,只为你付出,李炳辰,http://www.xiami.com/play?ids=/song/playlist/id/15478,只为你付出,http://img.xiami.net/images/pic/04/01/10011314101m_2.jpg,\N,\N,\N,1
474,不留,李炳辰,http://www.xiami.com/play?ids=/song/playlist/id/3570205,如果没有你的爱,http://img.xiami.net/images/album/img6/506/3209881236565861_2.jpg,\N,\N,\N,1
475,如果没有你的爱,李炳辰,http://www.xiami.com/play?ids=/song/playlist/id/3570198,如果没有你的爱,http://img.xiami.net/images/album/img6/506/3209881236565861_2.jpg,\N,\N,\N,1
476,100分,李炳辰,http://www.xiami.com/play?ids=/song/playlist/id/3570201,如果没有你的爱,http://img.xiami.net/images/album/img6/506/3209881236565861_2.jpg,\N,\N,\N,1
477,诗情画意,李炳辰,http://www.xiami.com/play?ids=/song/playlist/id/3570199,如果没有你的爱,http://img.xiami.net/images/album/img6/506/3209881236565861_2.jpg,\N,\N,\N,1
478,单恋的滋味,李炳辰,http://www.xiami.com/play?ids=/song/playlist/id/3570203,如果没有你的爱,http://img.xiami.net/images/album/img6/506/3209881236565861_2.jpg,\N,\N,\N,0
479,如果没有你的爱 (伴奏),李炳辰,http://www.xiami.com/play?ids=/song/playlist/id/3570207,如果没有你的爱,http://img.xiami.net/images/album/img6/506/3209881236565861_2.jpg,\N,\N,\N,0
480,只为你付出,李炳辰,http://www.xiami.com/play?ids=/song/playlist/id/3570206,如果没有你的爱,http://img.xiami.net/images/album/img6/506/3209881236565861_2.jpg,\N,\N,\N,1
481,只要喜欢,李炳辰,http://www.xiami.com/play?ids=/song/playlist/id/3570204,如果没有你的爱,http://img.xiami.net/images/album/img6/506/3209881236565861_2.jpg,\N,\N,\N,2
482,小芳,李春波,http://www.xiami.com/play?ids=/song/playlist/id/15558,小芳,http://img.xiami.net/images/album/img8/508/22401398498845_2.jpg,李春波,李春波,王钢,115
483,呼儿嘿哟,李春波,http://www.xiami.com/play?ids=/song/playlist/id/15514,楼兰新娘,http://img.xiami.net/images/album/img8/508/22361476693094_2.jpg,\N,\N,\N,21
484,一封家书,李春波,http://www.xiami.com/play?ids=/song/playlist/id/15516,楼兰新娘,http://img.xiami.net/images/album/img8/508/22361476693094_2.jpg,李春波,\N,\N,124
485,小芳,李春波,http://www.xiami.com/play?ids=/song/playlist/id/15517,楼兰新娘,http://img.xiami.net/images/album/img8/508/22361476693094_2.jpg,李春波,李春波,\N,22
486,姐姐,李春波,http://www.xiami.com/play?ids=/song/playlist/id/1773304172,岁月,http://img.xiami.net/images/album/img8/508/8887276131428054059_2.jpg,李春波,李春波,\N,6
487,呼儿嘿哟,李春波,http://www.xiami.com/play?ids=/song/playlist/id/15556,一封家书,http://img.xiami.net/images/album/img8/508/2239_2.jpg,李春波,李春波,\N,13
488,谁能告诉我,李春波,http://www.xiami.com/play?ids=/song/playlist/id/15512,楼兰新娘,http://img.xiami.net/images/album/img8/508/22361476693094_2.jpg,李春波,李春波,\N,38
489,呼儿嘿哟,李春波,http://www.xiami.com/play?ids=/song/playlist/id/15529,20世纪中华歌坛名人百集珍藏版,http://img.xiami.net/images/album/img8/508/22371282272452_2.jpg,\N,\N,\N,25
490,一封家书,李春波,http://www.xiami.com/play?ids=/song/playlist/id/15543,一封家书,http://img.xiami.net/images/album/img8/508/2239_2.jpg,李春波,李春波,\N,49
491,火车站,李春波,http://www.xiami.com/play?ids=/song/playlist/id/1772453178,岁月,http://img.xiami.net/images/album/img8/508/8887276131428054059_2.jpg,李春波,李春波,\N,22
492,小芳,李春波,http://www.xiami.com/play?ids=/song/playlist/id/15518,20世纪中华歌坛名人百集珍藏版,http://img.xiami.net/images/album/img8/508/22371282272452_2.jpg,李春波,李春波,王钢,13
493,一封家书,李春波,http://www.xiami.com/play?ids=/song/playlist/id/15520,20世纪中华歌坛名人百集珍藏版,http://img.xiami.net/images/album/img8/508/22371282272452_2.jpg,李春波,李春波,\N,11
494,知识青年,李春波,http://www.xiami.com/play?ids=/song/playlist/id/15560,小芳,http://img.xiami.net/images/album/img8/508/22401398498845_2.jpg,李春波,李春波,王钢,2
495,等俺有钱了,李春波,http://www.xiami.com/play?ids=/song/playlist/id/1774088422,岁月,http://img.xiami.net/images/album/img8/508/8887276131428054059_2.jpg,李春波,李春波,\N,3
496,天生我才必有用,李春波,http://www.xiami.com/play?ids=/song/playlist/id/15534,贫穷与富有,http://img.xiami.net/images/album/img8/508/2238_2.jpg,\N,\N,\N,6
497,真想告诉你 你是我的全部,李春波,http://www.xiami.com/play?ids=/song/playlist/id/15559,小芳,http://img.xiami.net/images/album/img8/508/22401398498845_2.jpg,李春波,李春波,王钢,8
498,小桃红,李春波,http://www.xiami.com/play?ids=/song/playlist/id/15508,楼兰新娘,http://img.xiami.net/images/album/img8/508/22361476693094_2.jpg,妮楠,刘彤,\N,16
499,楼兰新娘,李春波,http://www.xiami.com/play?ids=/song/playlist/id/15503,楼兰新娘,http://img.xiami.net/images/album/img8/508/22361476693094_2.jpg,杨海潮,杨海潮,\N,6
500,小芳 (伴奏音乐),李春波,http://www.xiami.com/play?ids=/song/playlist/id/15567,小芳,http://img.xiami.net/images/album/img8/508/22401398498845_2.jpg,李春波,李春波,王钢,4
501,天上飘着雨,李春波,http://www.xiami.com/play?ids=/song/playlist/id/15562,小芳,http://img.xiami.net/images/album/img8/508/22401398498845_2.jpg,李春波,李春波,王钢,3
502,一封家书 (美国乡村版),李春波,http://www.xiami.com/play?ids=/song/playlist/id/1774088424,岁月,http://img.xiami.net/images/album/img8/508/8887276131428054059_2.jpg,李春波,李春波,\N,2
503,老伴,李春波,http://www.xiami.com/play?ids=/song/playlist/id/1774088420,岁月,http://img.xiami.net/images/album/img8/508/8887276131428054059_2.jpg,李春波,李春波,\N,0
504,边走边唱,李春波,http://www.xiami.com/play?ids=/song/playlist/id/15506,楼兰新娘,http://img.xiami.net/images/album/img8/508/22361476693094_2.jpg,\N,\N,\N,2
505,冲动,李春波,http://www.xiami.com/play?ids=/song/playlist/id/15563,小芳,http://img.xiami.net/images/album/img8/508/22401398498845_2.jpg,李春波,李春波,王钢,0
506,保持沉默,李春波,http://www.xiami.com/play?ids=/song/playlist/id/15532,贫穷与富有,http://img.xiami.net/images/album/img8/508/2238_2.jpg,\N,\N,\N,8
507,做男人很累,李春波,http://www.xiami.com/play?ids=/song/playlist/id/15540,贫穷与富有,http://img.xiami.net/images/album/img8/508/2238_2.jpg,\N,\N,\N,2
508,想来想去,李春波,http://www.xiami.com/play?ids=/song/playlist/id/15561,小芳,http://img.xiami.net/images/album/img8/508/22401398498845_2.jpg,李春波,李春波,王钢,1
509,爱上你的样子,李春波,http://www.xiami.com/play?ids=/song/playlist/id/15504,楼兰新娘,http://img.xiami.net/images/album/img8/508/22361476693094_2.jpg,李春波,李春波,\N,4
510,岁月,李春波,http://www.xiami.com/play?ids=/song/playlist/id/1774088417,岁月,http://img.xiami.net/images/album/img8/508/8887276131428054059_2.jpg,阎肃,李春波,\N,4
511,意外,李春波,http://www.xiami.com/play?ids=/song/playlist/id/1775693956,意外,http://img.xiami.net/images/album/img96/740296/7402961456740296_2.jpg,李春波,李春波,\N,0
512,一生一世,李春波,http://www.xiami.com/play?ids=/song/playlist/id/15538,贫穷与富有,http://img.xiami.net/images/album/img8/508/2238_2.jpg,李春波,李春波,\N,3
513,美丽的时光,李春波,http://www.xiami.com/play?ids=/song/playlist/id/15566,小芳,http://img.xiami.net/images/album/img8/508/22401398498845_2.jpg,李春波,李春波,王钢,2
514,谁能告诉我,李春波,http://www.xiami.com/play?ids=/song/playlist/id/15530,20世纪中华歌坛名人百集珍藏版,http://img.xiami.net/images/album/img8/508/22371282272452_2.jpg,\N,\N,\N,2
515,不必挽留,李春波,http://www.xiami.com/play?ids=/song/playlist/id/15565,小芳,http://img.xiami.net/images/album/img8/508/22401398498845_2.jpg,李春波,李春波,王钢,1
516,你我都没错,李春波,http://www.xiami.com/play?ids=/song/playlist/id/15564,小芳,http://img.xiami.net/images/album/img8/508/22401398498845_2.jpg,李春波,李春波,王钢,0
517,何日相见,李春波,http://www.xiami.com/play?ids=/song/playlist/id/15549,一封家书,http://img.xiami.net/images/album/img8/508/2239_2.jpg,\N,\N,\N,1
518,贫穷与富有,李春波,http://www.xiami.com/play?ids=/song/playlist/id/15537,贫穷与富有,http://img.xiami.net/images/album/img8/508/2238_2.jpg,\N,\N,\N,2
519,我爸,李春波,http://www.xiami.com/play?ids=/song/playlist/id/15539,贫穷与富有,http://img.xiami.net/images/album/img8/508/2238_2.jpg,\N,\N,\N,1
520,咿哟咿哟,李春波,http://www.xiami.com/play?ids=/song/playlist/id/15507,楼兰新娘,http://img.xiami.net/images/album/img8/508/22361476693094_2.jpg,\N,\N,\N,0
521,圈里圈外,李春波,http://www.xiami.com/play?ids=/song/playlist/id/15557,一封家书,http://img.xiami.net/images/album/img8/508/2239_2.jpg,李春波,李春波,\N,1
522,一生一世,李春波,http://www.xiami.com/play?ids=/song/playlist/id/15509,楼兰新娘,http://img.xiami.net/images/album/img8/508/22361476693094_2.jpg,\N,\N,\N,0
523,天上飘着雨,李春波,http://www.xiami.com/play?ids=/song/playlist/id/15515,楼兰新娘,http://img.xiami.net/images/album/img8/508/22361476693094_2.jpg,李春波,李春波,\N,2
524,家,李春波,http://www.xiami.com/play?ids=/song/playlist/id/1775443720,家,http://img.xiami.net/images/album/img72/460372/4603721451460372_2.jpg,李春波,李春波,\N,0
525,迁户口,李春波,http://www.xiami.com/play?ids=/song/playlist/id/1773977008,岁月,http://img.xiami.net/images/album/img8/508/8887276131428054059_2.jpg,宋小明,李春波,\N,0
526,友谊,李春波,http://www.xiami.com/play?ids=/song/playlist/id/15533,贫穷与富有,http://img.xiami.net/images/album/img8/508/2238_2.jpg,李春波,李春波,\N,0
527,小桃红,李春波,http://www.xiami.com/play?ids=/song/playlist/id/15531,20世纪中华歌坛名人百集珍藏版,http://img.xiami.net/images/album/img8/508/22371282272452_2.jpg,\N,\N,\N,5
528,别拿爱情当儿戏,李春波,http://www.xiami.com/play?ids=/song/playlist/id/15535,贫穷与富有,http://img.xiami.net/images/album/img8/508/2238_2.jpg,\N,\N,\N,1
529,说走就走,李春波,http://www.xiami.com/play?ids=/song/playlist/id/15536,贫穷与富有,http://img.xiami.net/images/album/img8/508/2238_2.jpg,\N,\N,\N,1
530,塞车,李春波,http://www.xiami.com/play?ids=/song/playlist/id/15548,一封家书,http://img.xiami.net/images/album/img8/508/2239_2.jpg,李春波,李春波,\N,0
531,贫穷与富有,李春波,http://www.xiami.com/play?ids=/song/playlist/id/15510,楼兰新娘,http://img.xiami.net/images/album/img8/508/22361476693094_2.jpg,\N,\N,\N,0
532,现在的我,李春波,http://www.xiami.com/play?ids=/song/playlist/id/15541,贫穷与富有,http://img.xiami.net/images/album/img8/508/2238_2.jpg,\N,\N,\N,3
533,等到满山红叶时,李春波,http://www.xiami.com/play?ids=/song/playlist/id/1774088423,岁月,http://img.xiami.net/images/album/img8/508/8887276131428054059_2.jpg,胡元骏,李春波,\N,2
534,转来转去,李春波,http://www.xiami.com/play?ids=/song/playlist/id/15505,楼兰新娘,http://img.xiami.net/images/album/img8/508/22361476693094_2.jpg,张欣然,阿彪,\N,2
535,天上飘着雨,李春波,http://www.xiami.com/play?ids=/song/playlist/id/15554,一封家书,http://img.xiami.net/images/album/img8/508/2239_2.jpg,李春波,李春波,\N,1
536,知识青年,李春波,http://www.xiami.com/play?ids=/song/playlist/id/15519,20世纪中华歌坛名人百集珍藏版,http://img.xiami.net/images/album/img8/508/22371282272452_2.jpg,\N,\N,\N,0
537,这种心情,李春波,http://www.xiami.com/play?ids=/song/playlist/id/15551,一封家书,http://img.xiami.net/images/album/img8/508/2239_2.jpg,李春波,李春波,\N,0
538,友谊,李春波,http://www.xiami.com/play?ids=/song/playlist/id/15511,楼兰新娘,http://img.xiami.net/images/album/img8/508/22361476693094_2.jpg,李春波,李春波,\N,0
539,骄傲的骆驼,李春波,http://www.xiami.com/play?ids=/song/playlist/id/15553,一封家书,http://img.xiami.net/images/album/img8/508/2239_2.jpg,\N,\N,\N,1
540,繁闹大都市,李春波,http://www.xiami.com/play?ids=/song/playlist/id/15552,一封家书,http://img.xiami.net/images/album/img8/508/2239_2.jpg,李春波,李春波,\N,1
541,感慨,李春波,http://www.xiami.com/play?ids=/song/playlist/id/15550,一封家书,http://img.xiami.net/images/album/img8/508/2239_2.jpg,李春波,李春波,\N,0
542,岁月 (管弦乐版),李春波,http://www.xiami.com/play?ids=/song/playlist/id/1774088426,岁月,http://img.xiami.net/images/album/img8/508/8887276131428054059_2.jpg,阎肃,李春波,\N,0
543,迁户口 (激情版),李春波,http://www.xiami.com/play?ids=/song/playlist/id/1774088425,岁月,http://img.xiami.net/images/album/img8/508/8887276131428054059_2.jpg,宋小明,李春波,\N,0
544,何日相见,李春波,http://www.xiami.com/play?ids=/song/playlist/id/15522,20世纪中华歌坛名人百集珍藏版,http://img.xiami.net/images/album/img8/508/22371282272452_2.jpg,李春波,李春波,\N,0
545,塞车,李春波,http://www.xiami.com/play?ids=/song/playlist/id/15513,楼兰新娘,http://img.xiami.net/images/album/img8/508/22361476693094_2.jpg,李春波,李春波,\N,0
546,感慨,李春波,http://www.xiami.com/play?ids=/song/playlist/id/15523,20世纪中华歌坛名人百集珍藏版,http://img.xiami.net/images/album/img8/508/22371282272452_2.jpg,李春波,李春波,\N,1
547,有梦有爱有快乐,李春波,http://www.xiami.com/play?ids=/song/playlist/id/1776199487,有梦有爱有快乐,http://img.xiami.net/images/album/img8/508/21003565681466486013_2.jpg,李春波,李春波,\N,0
548,这种心情,李春波,http://www.xiami.com/play?ids=/song/playlist/id/15524,20世纪中华歌坛名人百集珍藏版,http://img.xiami.net/images/album/img8/508/22371282272452_2.jpg,李春波,李春波,\N,0
549,天上飘着雨,李春波,http://www.xiami.com/play?ids=/song/playlist/id/15527,20世纪中华歌坛名人百集珍藏版,http://img.xiami.net/images/album/img8/508/22371282272452_2.jpg,\N,\N,\N,0
550,骄傲的骆驼,李春波,http://www.xiami.com/play?ids=/song/playlist/id/15525,20世纪中华歌坛名人百集珍藏版,http://img.xiami.net/images/album/img8/508/22371282272452_2.jpg,\N,\N,\N,0
551,塞车,李春波,http://www.xiami.com/play?ids=/song/playlist/id/15521,20世纪中华歌坛名人百集珍藏版,http://img.xiami.net/images/album/img8/508/22371282272452_2.jpg,李春波,李春波,\N,0
552,繁闹大都市,李春波,http://www.xiami.com/play?ids=/song/playlist/id/15526,20世纪中华歌坛名人百集珍藏版,http://img.xiami.net/images/album/img8/508/22371282272452_2.jpg,\N,\N,\N,0
553,圈里圈外,李春波,http://www.xiami.com/play?ids=/song/playlist/id/15528,20世纪中华歌坛名人百集珍藏版,http://img.xiami.net/images/album/img8/508/22371282272452_2.jpg,李春波,李春波,\N,0
554,哪里有我的家,李春波,http://www.xiami.com/play?ids=/song/playlist/id/1773329649,谁能告诉我,http://img.xiami.net/images/album/img8/508/11044685291404469197_2.jpg,\N,\N,\N,1
555,你明知我对爱很认真,李恩邦,http://www.xiami.com/play?ids=/song/playlist/id/393325,对爱很认真,http://img.xiami.net/images/pic/04/03/10107596186m_2.jpg,\N,\N,\N,8
556,等你回头         ,李恩邦,http://www.xiami.com/play?ids=/song/playlist/id/2308395,等你回头,http://img.xiami.net/images/album/img10/510/1911991314150873_2.jpg,\N,\N,\N,4
557,你有多少爱,李恩邦,http://www.xiami.com/play?ids=/song/playlist/id/393331,对爱很认真,http://img.xiami.net/images/pic/04/03/10107596186m_2.jpg,\N,\N,\N,3
558,等不到我开口说爱你,李恩邦,http://www.xiami.com/play?ids=/song/playlist/id/393326,对爱很认真,http://img.xiami.net/images/pic/04/03/10107596186m_2.jpg,\N,\N,\N,1
559,口袋里的泪,李恩邦,http://www.xiami.com/play?ids=/song/playlist/id/393329,对爱很认真,http://img.xiami.net/images/pic/04/03/10107596186m_2.jpg,\N,\N,\N,1
560,陪你是一段路,李恩邦,http://www.xiami.com/play?ids=/song/playlist/id/393327,对爱很认真,http://img.xiami.net/images/pic/04/03/10107596186m_2.jpg,\N,\N,\N,0
561,让伤心路过,李恩邦,http://www.xiami.com/play?ids=/song/playlist/id/393328,对爱很认真,http://img.xiami.net/images/pic/04/03/10107596186m_2.jpg,\N,\N,\N,0
562,原来我也怕寂寞,李恩邦,http://www.xiami.com/play?ids=/song/playlist/id/393330,对爱很认真,http://img.xiami.net/images/pic/04/03/10107596186m_2.jpg,\N,\N,\N,0
563,演奏曲,李恩邦,http://www.xiami.com/play?ids=/song/playlist/id/393334,对爱很认真,http://img.xiami.net/images/pic/04/03/10107596186m_2.jpg,\N,\N,\N,1
564,真情难久          ,李恩邦,http://www.xiami.com/play?ids=/song/playlist/id/2308396,等你回头,http://img.xiami.net/images/album/img10/510/1911991314150873_2.jpg,何厚华、黄卓颖,黄卓颖,李伯杰,0
565,随时我都可以走,李恩邦,http://www.xiami.com/play?ids=/song/playlist/id/393333,对爱很认真,http://img.xiami.net/images/pic/04/03/10107596186m_2.jpg,\N,\N,\N,0
566,爱一个人多疯狂          ,李恩邦,http://www.xiami.com/play?ids=/song/playlist/id/2308401,等你回头,http://img.xiami.net/images/album/img10/510/1911991314150873_2.jpg,胡如虹,徐嘉良,洪敬尧,0
567,把思念酿成酒,李恩邦,http://www.xiami.com/play?ids=/song/playlist/id/393332,对爱很认真,http://img.xiami.net/images/pic/04/03/10107596186m_2.jpg,\N,\N,\N,2
568,起风         ,李恩邦,http://www.xiami.com/play?ids=/song/playlist/id/2308400,等你回头,http://img.xiami.net/images/album/img10/510/1911991314150873_2.jpg,\N,\N,\N,0
569,离开你的伤悲        ,李恩邦,http://www.xiami.com/play?ids=/song/playlist/id/2308399,等你回头,http://img.xiami.net/images/album/img10/510/1911991314150873_2.jpg,袁惟仁,袁惟仁,钟兴民,0
570,我是真的在乎         ,李恩邦,http://www.xiami.com/play?ids=/song/playlist/id/2308403,等你回头,http://img.xiami.net/images/album/img10/510/1911991314150873_2.jpg,何映达,何映达,TONY,1
571,你比酒还烈          ,李恩邦,http://www.xiami.com/play?ids=/song/playlist/id/2308402,等你回头,http://img.xiami.net/images/album/img10/510/1911991314150873_2.jpg,许常德,何映达,洪敬尧,1
572,不妨让我疼一疼          ,李恩邦,http://www.xiami.com/play?ids=/song/playlist/id/2308397,等你回头,http://img.xiami.net/images/album/img10/510/1911991314150873_2.jpg,何启弘,蔡宗政,涂惠源,0
573,有与没有之间         ,李恩邦,http://www.xiami.com/play?ids=/song/playlist/id/2308398,等你回头,http://img.xiami.net/images/album/img10/510/1911991314150873_2.jpg,黄大军,黄大军,涂惠源、徐德昌,0
574,1995在台北   ,李恩邦,http://www.xiami.com/play?ids=/song/playlist/id/2308404,等你回头,http://img.xiami.net/images/album/img10/510/1911991314150873_2.jpg,黄大军,李秉宗,李秉宗,0
575,像我们这样的年纪,李凤翔,http://www.xiami.com/play?ids=/song/playlist/id/15620,这个城市永远锁不住·像我们这样的年纪,http://img.xiami.net/images/pic/04/02/10062944644m_2.jpg,\N,\N,\N,9
576,孤星泪,李凤翔,http://www.xiami.com/play?ids=/song/playlist/id/15616,这个城市永远锁不住·像我们这样的年纪,http://img.xiami.net/images/pic/04/02/10062944644m_2.jpg,李凤翔,李凤翔,\N,0
577,我不曾改变过,李凤翔,http://www.xiami.com/play?ids=/song/playlist/id/15618,这个城市永远锁不住·像我们这样的年纪,http://img.xiami.net/images/pic/04/02/10062944644m_2.jpg,李凤翔,李凤翔,\N,1
578,这个城市永远锁不住,李凤翔,http://www.xiami.com/play?ids=/song/playlist/id/15615,这个城市永远锁不住·像我们这样的年纪,http://img.xiami.net/images/pic/04/02/10062944644m_2.jpg,\N,\N,\N,1
579,七夕种子,李凤翔,http://www.xiami.com/play?ids=/song/playlist/id/15621,这个城市永远锁不住·像我们这样的年纪,http://img.xiami.net/images/pic/04/02/10062944644m_2.jpg,\N,\N,\N,1
580,陪你一段,李凤翔,http://www.xiami.com/play?ids=/song/playlist/id/15619,这个城市永远锁不住·像我们这样的年纪,http://img.xiami.net/images/pic/04/02/10062944644m_2.jpg,\N,\N,\N,0
581,吹不散的是我,李凤翔,http://www.xiami.com/play?ids=/song/playlist/id/15623,这个城市永远锁不住·像我们这样的年纪,http://img.xiami.net/images/pic/04/02/10062944644m_2.jpg,\N,\N,\N,0
582,少女的梦,李凤翔,http://www.xiami.com/play?ids=/song/playlist/id/15617,这个城市永远锁不住·像我们这样的年纪,http://img.xiami.net/images/pic/04/02/10062944644m_2.jpg,\N,\N,\N,0
583,音乐世界,李凤翔,http://www.xiami.com/play?ids=/song/playlist/id/15624,这个城市永远锁不住·像我们这样的年纪,http://img.xiami.net/images/pic/04/02/10062944644m_2.jpg,\N,\N,\N,0
584,再一次,李凤翔,http://www.xiami.com/play?ids=/song/playlist/id/15622,这个城市永远锁不住·像我们这样的年纪,http://img.xiami.net/images/pic/04/02/10062944644m_2.jpg,李凤翔,李凤翔,\N,0
585,不能拥抱的天空,李岗霖,http://www.xiami.com/play?ids=/song/playlist/id/1769758138,第三定律,http://img.xiami.net/images/album/img12/512/4014411398311086_2.jpg,\N,\N,\N,70
586,祈祷,李岗霖,http://www.xiami.com/play?ids=/song/playlist/id/15628,祈祷,http://img.xiami.net/images/album/img12/512/2248_2.jpg,CHOI, HEE JINE / JEONG, JIN SOO,\N,\N,20
587,那女孩爱过我,李岗霖,http://www.xiami.com/play?ids=/song/playlist/id/15630,祈祷,http://img.xiami.net/images/album/img12/512/2248_2.jpg,李岗霖,\N,\N,20
588,My Love,李岗霖,http://www.xiami.com/play?ids=/song/playlist/id/15629,祈祷,http://img.xiami.net/images/album/img12/512/2248_2.jpg,易家扬,Jeon Hae Sung,\N,22
589,祈祷(唯美钢琴版),李岗霖,http://www.xiami.com/play?ids=/song/playlist/id/15637,祈祷,http://img.xiami.net/images/album/img12/512/2248_2.jpg,CHOI, HEE JINE / JEONG, JIN SOO,\N,\N,18
590,Loving You,李岗霖,http://www.xiami.com/play?ids=/song/playlist/id/15627,祈祷,http://img.xiami.net/images/album/img12/512/2248_2.jpg,赵之璧,\N,\N,8
591,祈祷 (2010版),李岗霖,http://www.xiami.com/play?ids=/song/playlist/id/1769758139,第三定律,http://img.xiami.net/images/album/img12/512/4014411398311086_2.jpg,\N,\N,\N,6
592,从热爱到深爱,李岗霖,http://www.xiami.com/play?ids=/song/playlist/id/1769758137,第三定律,http://img.xiami.net/images/album/img12/512/4014411398311086_2.jpg,姚若龙,李岗霖,\N,4
593,第三定律,李岗霖,http://www.xiami.com/play?ids=/song/playlist/id/1769758136,第三定律,http://img.xiami.net/images/album/img12/512/4014411398311086_2.jpg,李若君,李岗霖,\N,5
594,I'll Fall In Love,李岗霖,http://www.xiami.com/play?ids=/song/playlist/id/15634,祈祷,http://img.xiami.net/images/album/img12/512/2248_2.jpg,\N,\N,\N,5
595,你离开我以后,李岗霖,http://www.xiami.com/play?ids=/song/playlist/id/15631,祈祷,http://img.xiami.net/images/album/img12/512/2248_2.jpg,\N,\N,\N,2
596,夜夜夜,李岗霖,http://www.xiami.com/play?ids=/song/playlist/id/15633,祈祷,http://img.xiami.net/images/album/img12/512/2248_2.jpg,李岗霖 RAP,\N,\N,1
597,错在我 (Demo版),李岗霖,http://www.xiami.com/play?ids=/song/playlist/id/1769758140,第三定律,http://img.xiami.net/images/album/img12/512/4014411398311086_2.jpg,\N,\N,\N,1
598,虚拟 . 爱,李岗霖,http://www.xiami.com/play?ids=/song/playlist/id/1769758135,第三定律,http://img.xiami.net/images/album/img12/512/4014411398311086_2.jpg,\N,\N,\N,4
599,爱回来,李岗霖,http://www.xiami.com/play?ids=/song/playlist/id/15626,祈祷,http://img.xiami.net/images/album/img12/512/2248_2.jpg,徐世珍,Quintanilla III/Abraham,\N,1
600,这一场恋爱,李岗霖,http://www.xiami.com/play?ids=/song/playlist/id/15635,祈祷,http://img.xiami.net/images/album/img12/512/2248_2.jpg,\N,\N,\N,1
601,好吗,李岗霖,http://www.xiami.com/play?ids=/song/playlist/id/1773453276,好吗,http://img.xiami.net/images/album/img12/512/20089685971408968662_2.jpg,小花,李岗霖,Fanda.Yuan / 郑安伟,1
602,孤单东路,李